date,mean_w,mean_sim,boundary_edge_share,boundary_weight_share,sim_ring_city,sim_control_city,w_rank_corr_prev,SW,CH,S_Dbw,AVI@phys,AVU@phys,Q@phys,AVI@month,AVU@month,Q@month,SW_z,CH_z,S_Dbw_z,AVI@phys_z,AVU@phys_z,Q@phys_z,AVI@month_z,AVU@month_z,Q@month_z
2023-01,0.28474,0.59561,0.46051,0.27179,0.70251,0.56148,,0.19036,520.80178,0.931,0.60367,0.46503,0.41581,0.6722,0.47234,0.46823,29.01662,1303.43797,-17.07011,78.87171,-19.48689,90.84442,87.11436,-13.3271,106.15304
2023-02,0.28625,0.60344,0.45374,0.2689,0.69977,0.56005,0.98042,0.19267,526.08787,0.8598,0.60295,0.46503,0.42075,0.66882,0.46914,0.47133,27.05556,1408.80184,-10.85517,91.81444,-18.24089,105.647,91.68683,-13.19687,102.07284
2023-03,0.28236,0.5966,0.45006,0.26826,0.6813,0.55435,0.97835,0.1964,545.44233,0.82352,0.60473,0.46857,0.42243,0.66855,0.47541,0.4736,23.24152,1570.31844,-16.25119,104.82493,-18.46782,102.69646,98.71965,-12.26355,93.20393
2023-04,0.27577,0.57543,0.45548,0.26144,0.66807,0.53097,0.96778,0.19523,535.99301,0.77948,0.60561,0.46254,0.4197,0.66585,0.47491,0.46993,28.65067,1730.92474,-11.84002,97.52941,-21.04834,90.30683,110.16849,-12.48969,93.24305
2023-05,0.27673,0.57786,0.45819,0.26337,0.65645,0.52546,0.97372,0.19674,538.19524,0.91642,0.59532,0.46066,0.41256,0.66607,0.47061,0.46452,33.12755,1485.35798,-11.25263,88.744,-21.41482,84.41922,86.88023,-13.80934,80.50421
2023-06,0.27648,0.58352,0.45587,0.2649,0.67321,0.5327,0.9756,0.19569,533.8782,0.97852,0.60377,0.45591,0.41212,0.67036,0.46822,0.46345,30.4144,1209.43162,-9.01075,116.89878,-21.60176,93.55037,110.49506,-13.46506,89.51543
2023-07,0.27698,0.58777,0.46283,0.26715,0.68469,0.54207,0.97318,0.20193,551.26984,0.92106,0.59783,0.45418,0.40644,0.6663,0.46663,0.46162,37.19573,1671.93773,-11.4768,76.2724,-22.80757,73.85294,75.4769,-14.64679,70.36802
2023-08,0.27673,0.58892,0.45683,0.26213,0.66536,0.54197,0.97106,0.19764,549.40574,0.94942,0.60831,0.45401,0.41043,0.67595,0.46872,0.46516,44.82336,1818.3322,-11.08872,81.70496,-25.36182,77.23752,75.16486,-15.38007,71.64573
2023-09,0.2743,0.57923,0.46303,0.26404,0.67191,0.52464,0.96876,0.20046,570.57579,0.74311,0.59862,0.45546,0.40366,0.6672,0.47151,0.46057,40.29238,1666.31545,-16.46704,83.32023,-26.3346,79.51423,72.753,-15.65141,72.02337
2023-10,0.27343,0.57567,0.45896,0.26274,0.66172,0.52591,0.97188,0.20219,572.65191,1.05328,0.60069,0.45378,0.40535,0.6657,0.47059,0.45981,50.10608,1855.21664,-9.88869,90.22735,-24.7483,89.10773,93.12555,-14.10301,92.92956
2023-11,0.27117,0.56741,0.46574,0.25828,0.66746,0.51123,0.96822,0.20368,578.90098,1.09095,0.58322,0.4547,0.40112,0.65193,0.47144,0.45968,35.30514,1752.22531,-7.90448,84.27519,-23.39969,79.47304,83.84343,-13.50679,77.40692
2023-12,0.27272,0.57251,0.476,0.26282,0.68114,0.5269,0.96959,0.20709,600.23148,0.89672,0.56413,0.46319,0.39758,0.63123,0.47963,0.45433,39.07642,1817.97681,-12.44722,103.78979,-20.77516,92.18419,101.50444,-11.93586,86.7584
2024-01,0.27205,0.56845,0.48006,0.26588,0.67974,0.51107,0.96614,0.20078,590.17487,1.07145,0.56818,0.45398,0.38994,0.63683,0.47412,0.45066,33.25432,1605.49514,-8.86248,76.77687,-24.96458,71.04377,75.61688,-12.77922,70.60503
2024-02,0.27107,0.5694,0.47716,0.26391,0.6726,0.50404,0.96981,0.20621,605.65359,0.87093,0.57098,0.46004,0.39505,0.64339,0.48055,0.45622,30.21331,1773.85711,-11.75983,84.36191,-21.57652,72.01199,76.52968,-10.79219,69.94097
2024-03,0.27337,0.57745,0.47619,0.25976,0.67006,0.51306,0.97394,0.20929,621.70075,0.76672,0.57977,0.46025,0.39815,0.65768,0.4827,0.46459,28.79417,1658.49284,-16.16524,76.41031,-24.44136,79.53067,73.84084,-12.13836,68.67219
2024-04,0.2675,0.5613,0.48006,0.25848,0.64285,0.49729,0.97341,0.20689,605.03469,0.8952,0.57496,0.45886,0.39541,0.65312,0.4791,0.4606,24.55542,1643.92853,-19.00918,75.89513,-22.74885,78.43948,72.60784,-11.62311,66.92438
2024-05,0.27187,0.57176,0.47561,0.26259,0.66234,0.51814,0.97232,0.20587,596.23577,0.94858,0.59228,0.44416,0.39275,0.66523,0.46325,0.45614,19.98887,1718.432,-10.8945,57.41443,-25.73741,57.18234,53.24902,-14.47039,51.18366
2024-06,0.27051,0.57178,0.47522,0.26573,0.65855,0.51691,0.97251,0.20626,601.28157,0.8812,0.60428,0.44292,0.39221,0.67649,0.46255,0.45438,28.11239,2505.80173,-9.12213,74.41716,-25.40341,75.46067,61.84038,-13.66387,61.35198
2024-07,0.27149,0.57586,0.47058,0.26446,0.64675,0.52247,0.97129,0.20867,609.69313,0.81923,0.58105,0.44969,0.39515,0.65116,0.47029,0.45889,22.21012,2247.74615,-9.52727,75.95795,-36.94268,67.89008,62.86538,-20.15916,57.26047
2024-08,0.27034,0.57492,0.48064,0.27143,0.64097,0.51496,0.96946,0.20629,606.8342,0.82618,0.57173,0.45528,0.38833,0.63992,0.47419,0.45087,24.34985,2011.57588,-10.34651,82.22363,-32.43651,76.32101,68.00364,-19.07357,62.11492
2024-09,0.2737,0.57981,0.47503,0.26857,0.66041,0.52023,0.96923,0.20882,627.88143,0.86506,0.57004,0.46496,0.39387,0.64201,0.48347,0.45703,24.9469,2081.36188,-22.58347,70.22082,-30.51845,69.84844,61.9739,-17.20327,57.80535
2024-10,0.274,0.58013,0.47561,0.26508,0.65907,0.52354,0.97435,0.21148,639.07312,0.79481,0.56704,0.46758,0.39497,0.64171,0.48724,0.46125,25.41621,1768.52995,-9.09815,75.49841,-26.45668,73.05003,63.12426,-13.83718,57.94181
2024-11,0.27231,0.57302,0.47929,0.26927,0.64944,0.50945,0.96934,0.2084,628.56229,0.9796,0.55667,0.46772,0.39041,0.63054,0.48592,0.45315,24.0699,1824.44657,-8.10063,73.79893,-26.81387,72.43916,64.33647,-15.05025,61.53081
2024-12,0.27335,0.57544,0.48297,0.26868,0.65574,0.5194,0.97076,0.20211,604.82368,0.71818,0.56006,0.46605,0.39126,0.63287,0.48463,0.45451,27.4129,1952.63122,-10.98248,62.90135,-25.57971,66.24422,58.67586,-14.48991,58.91745
