territory_id,name,region,months_total,months_2024,status,nearest,type,distance
64,Куюргазинский муниципальный район,Республика Башкортостан,17,9,type,T4,T4,2.03
85,городской округ город Северобайкальск,Республика Бурятия,12,0,few_months,,,
86,Баргузинский муниципальный район,Республика Бурятия,12,0,few_months,,,
87,Баунтовский эвенкийский муниципальный район,Республика Бурятия,12,0,few_months,,,
88,Бичурский муниципальный район,Республика Бурятия,12,0,few_months,,,
89,Джидинский муниципальный район,Республика Бурятия,12,0,few_months,,,
90,Еравнинский муниципальный район,Республика Бурятия,12,0,few_months,,,
91,Заиграевский муниципальный район,Республика Бурятия,12,0,few_months,,,
92,Закаменский муниципальный район,Республика Бурятия,12,0,few_months,,,
93,Иволгинский муниципальный район,Республика Бурятия,12,0,few_months,,,
94,Кабанский муниципальный район,Республика Бурятия,12,0,few_months,,,
95,Кижингинский муниципальный район,Республика Бурятия,12,0,few_months,,,
96,Курумканский муниципальный район,Республика Бурятия,12,0,few_months,,,
97,Кяхтинский муниципальный район,Республика Бурятия,12,0,few_months,,,
98,Муйский муниципальный район,Республика Бурятия,12,0,few_months,,,
99,Мухоршибирский муниципальный район,Республика Бурятия,12,0,few_months,,,
100,Окинский муниципальный район,Республика Бурятия,11,0,few_months,,,
101,Прибайкальский муниципальный район,Республика Бурятия,12,0,few_months,,,
102,Северо-Байкальский муниципальный район,Республика Бурятия,12,0,few_months,,,
103,Селенгинский муниципальный район,Республика Бурятия,12,0,few_months,,,
104,Тарбагатайский муниципальный район,Республика Бурятия,12,0,few_months,,,
105,Тункинский муниципальный район,Республика Бурятия,12,0,few_months,,,
106,Хоринский муниципальный район,Республика Бурятия,12,0,few_months,,,
107,городской округ город Махачкала,Республика Дагестан,12,12,type,T1,T1,2.64
108,городской округ город Буйнакск,Республика Дагестан,12,12,type,T3,T3,2.51
109,городской округ город Дагестанские Огни,Республика Дагестан,8,8,atypical,T5,,3.18
111,городской округ город Избербаш,Республика Дагестан,12,12,type,T3,T3,2.67
113,городской округ город Кизилюрт,Республика Дагестан,12,12,atypical,T3,,2.8
114,городской округ город Кизляр,Республика Дагестан,12,12,type,T3,T3,2.36
116,городской округ город Южно-Сухокумск,Республика Дагестан,6,6,atypical,T4,,3.68
121,Бабаюртовский муниципальный район,Республика Дагестан,1,1,few_months,,,
140,Кумторкалинский муниципальный район,Республика Дагестан,6,6,atypical,T3,,3.93
142,Новолакский муниципальный район,Республика Дагестан,2,2,few_months,,,
143,Ногайский муниципальный район,Республика Дагестан,5,5,few_months,,,
145,Сергокалинский муниципальный район,Республика Дагестан,2,2,few_months,,,
158,городской округ город Магас,Республика Ингушетия,12,0,few_months,,,
160,городской округ город Назрань,Республика Ингушетия,12,0,few_months,,,
172,Лескенский муниципальный район,Кабардино-Балкарская Республика,1,1,few_months,,,
174,Прохладненский муниципальный район,Кабардино-Балкарская Республика,18,12,type,T5,T5,2.5
176,Терский муниципальный район,Кабардино-Балкарская Республика,21,12,atypical,T6,,3.2
177,Урванский муниципальный район,Кабардино-Балкарская Республика,12,12,atypical,T6,,3.32
178,Чегемский муниципальный район,Кабардино-Балкарская Республика,5,5,few_months,,,
179,Эльбрусский муниципальный район,Кабардино-Балкарская Республика,21,11,atypical,T5,,3.24
183,Кетченеровский муниципальный район,Республика Калмыкия,7,3,few_months,,,
186,Октябрьский муниципальный район,Республика Калмыкия,21,12,type,T5,T5,2.45
187,Приютненский муниципальный район,Республика Калмыкия,3,0,few_months,,,
189,Целинный муниципальный район,Республика Калмыкия,12,5,few_months,,,
190,Черноземельский муниципальный район,Республика Калмыкия,18,10,type,T5,T5,1.88
192,Яшалтинский муниципальный район,Республика Калмыкия,22,11,type,T6,T6,2.1
193,Яшкульский муниципальный район,Республика Калмыкия,22,11,type,T5,T5,1.42
197,Адыге-Хабльский муниципальный район,Карачаево-Черкесская Республика,21,12,atypical,T6,,2.87
200,Малокарачаевский муниципальный район,Карачаево-Черкесская Республика,22,12,atypical,T4,,3.86
202,Прикубанский муниципальный район,Карачаево-Черкесская Республика,17,12,atypical,T3,,2.85
286,городской округ Саранск,Республика Мордовия,12,12,type,T3,T3,1.17
291,Большеигнатовский муниципальный район,Республика Мордовия,19,12,type,T6,T6,1.99
299,Кочкуровский муниципальный район,Республика Мордовия,3,0,few_months,,,
310,городской округ Жатай,Республика Саха (Якутия),8,0,few_months,,,
311,Абыйский муниципальный район,Республика Саха (Якутия),23,11,atypical,T2,,5.04
313,Аллаиховский муниципальный район,Республика Саха (Якутия),15,6,atypical,T2,,4.14
315,Анабарский национальный (долгано-эвенкийский) муниципальный район,Республика Саха (Якутия),22,10,atypical,T2,,4.9
322,Жиганский муниципальный район,Республика Саха (Якутия),22,10,atypical,T2,,6.98
328,Момский муниципальный район,Республика Саха (Якутия),22,10,atypical,T2,,5.29
344,Эвено-Бытантайский национальный муниципальный район,Республика Саха (Якутия),10,4,few_months,,,
350,Кировский муниципальный район,Республика Северная Осетия — Алания,1,1,few_months,,,
353,Пригородный муниципальный район,Республика Северная Осетия — Алания,17,12,type,T3,T3,2.61
389,Рыбно-Слободский муниципальный район,Республика Татарстан,23,12,type,T5,T5,1.54
394,Тукаевский муниципальный район,Республика Татарстан,3,0,few_months,,,
406,Монгун-Тайгинский муниципальный район,Республика Тыва,1,0,few_months,,,
409,Сут-Хольский муниципальный район,Республика Тыва,21,12,atypical,T3,,5.7
415,Чаа-Хольский муниципальный район,Республика Тыва,2,2,few_months,,,
417,Эрзинский муниципальный район,Республика Тыва,8,8,atypical,T3,,7.34
426,муниципальный округ Воткинский район,Удмуртская Республика,10,7,type,T2,T2,2.2
439,муниципальный округ Можгинский район,Удмуртская Республика,3,0,few_months,,,
461,городской округ город Грозный,Чеченская Республика,12,12,type,T3,T3,2.6
462,городской округ город Аргун,Чеченская Республика,6,6,atypical,T3,,4.07
466,Гудермесский муниципальный район,Чеченская Республика,4,4,few_months,,,
469,Надтеречный муниципальный район,Чеченская Республика,3,3,few_months,,,
474,Урус-Мартановский муниципальный район,Чеченская Республика,2,2,few_months,,,
483,Алатырский муниципальный округ,Чувашская Республика,22,12,type,T6,T6,2.06
500,Шумерлинский муниципальный округ,Чувашская Республика,20,8,type,T3,T3,1.37
514,Алейский муниципальный район,Алтайский край,21,12,type,T5,T5,1.64
526,Заринский муниципальный район,Алтайский край,1,1,few_months,,,
573,городской округ город Чита,Забайкальский край,12,0,few_months,,,
576,Акшинский муниципальный район,Забайкальский край,12,0,few_months,,,
577,Александрово-Заводский муниципальный район,Забайкальский край,12,0,few_months,,,
590,Нерчинско-Заводский муниципальный район,Забайкальский край,12,0,few_months,,,
597,Тунгокоченский муниципальный район,Забайкальский край,12,0,few_months,,,
611,Быстринский муниципальный район,Камчатский край,22,10,type,T2,T2,2.22
620,Пенжинский муниципальный район,Камчатский край,5,2,few_months,,,
681,городской округ поселок Кедровый,Красноярский край,18,10,atypical,T4,,3.88
688,Боготольский муниципальный район,Красноярский край,4,4,few_months,,,
700,Канский муниципальный район,Красноярский край,3,0,few_months,,,
709,Назаровский муниципальный район,Красноярский край,15,6,atypical,T4,,3.95
724,Шарыповский муниципальный округ,Красноярский край,21,12,type,T4,T4,1.98
850,Комсомольский муниципальный район,Хабаровский край,10,7,atypical,T2,,3.19
858,Тугуро-Чумиканский муниципальный район,Хабаровский край,19,12,type,T2,T2,1.52
862,городской округ город Белогорск,Амурская область,12,0,few_months,,,
863,городской округ город Зея,Амурская область,12,0,few_months,,,
864,городской округ город Райчихинск,Амурская область,12,0,few_months,,,
865,городской округ город Свободный,Амурская область,12,0,few_months,,,
866,городской округ город Тында,Амурская область,12,0,few_months,,,
867,городской округ город Шимановск,Амурская область,12,0,few_months,,,
868,городской округ рабочий поселок (поселок городского типа) Прогресс,Амурская область,12,0,few_months,,,
887,Тамбовский муниципальный округ,Амурская область,12,0,few_months,,,
910,Пинежский муниципальный округ,Архангельская область,12,0,few_months,,,
921,Володарский муниципальный район,Астраханская область,11,2,few_months,,,
997,Ковровский муниципальный район,Владимирская область,4,1,few_months,,,
1022,Камышинский муниципальный район,Волгоградская область,4,1,few_months,,,
1043,Фроловский муниципальный район,Волгоградская область,12,11,type,T5,T5,1.27
1162,Тулунский муниципальный район,Иркутская область,3,0,few_months,,,
1177,городской округ Ладушкинский,Калининградская область,3,0,few_months,,,
1182,городской округ Янтарный,Калининградская область,23,12,type,T3,T3,1.61
1183,муниципальный округ Багратионовский,Калининградская область,20,10,type,T4,T4,1.33
1216,Перемышльский муниципальный район,Калужская область,23,12,type,T4,T4,2.26
1245,Ленинск-Кузнецкий муниципальный округ,Кемеровская область,18,8,type,T5,T5,0.88
1247,Новокузнецкий муниципальный округ,Кемеровская область,19,7,type,T3,T3,0.96
1332,Шарьинский муниципальный район,Костромская область,23,12,type,T5,T5,1.5
1342,Кетовский муниципальный округ,Курганская область,23,12,type,T5,T5,0.99
1354,Шадринский муниципальный округ,Курганская область,13,12,type,T4,T4,1.36
1424,Липецкий муниципальный район,Липецкая область,10,6,type,T3,T3,1.58
1432,муниципальный округ Омсукчанский,Магаданская область,16,5,few_months,,,
1433,муниципальный округ Северо-Эвенский,Магаданская область,9,5,few_months,,,
1434,муниципальный округ Среднеканский,Магаданская область,22,10,type,T2,T2,1.74
1435,муниципальный округ Сусуманский,Магаданская область,23,11,type,T2,T2,2.34
1436,муниципальный округ Тенькинский,Магаданская область,19,8,atypical,T2,,2.79
1437,муниципальный округ Хасынский,Магаданская область,22,10,type,T2,T2,1.93
1471,городской округ Павловский Посад,Московская область,12,0,few_months,,,
1487,городской округ Электрогорск,Московская область,12,0,few_months,,,
1576,Батецкий муниципальный район,Новгородская область,9,4,few_months,,,
1684,Бузулукский муниципальный район,Оренбургская область,8,2,few_months,,,
1695,Оренбургский муниципальный район,Оренбургская область,10,7,type,T3,T3,1.21
1713,Дмитровский муниципальный район,Орловская область,19,7,atypical,T4,,2.97
1716,Знаменский муниципальный район,Орловская область,3,0,few_months,,,
1720,Корсаковский муниципальный район,Орловская область,6,2,few_months,,,
1721,Ливенский муниципальный район,Орловская область,12,3,few_months,,,
1723,Мценский муниципальный район,Орловская область,10,1,few_months,,,
1729,Сосковский муниципальный район,Орловская область,3,0,few_months,,,
1763,Шемышейский муниципальный район,Пензенская область,20,8,type,T6,T6,0.8
1767,Великолукский муниципальный район,Псковская область,18,7,type,T3,T3,1.18
1772,Куньинский муниципальный район,Псковская область,3,0,few_months,,,
1779,Палкинский муниципальный район,Псковская область,7,0,few_months,,,
1789,Усвятский муниципальный район,Псковская область,22,12,type,T6,T6,1.86
1847,городской округ город Сасово,Рязанская область,12,0,few_months,,,
1882,городской округ Тольятти,Самарская область,12,0,few_months,,,
1913,городской округ поселок Михайловский,Саратовская область,3,0,few_months,,,
1964,городской округ Северо-Курильский,Сахалинская область,17,5,few_months,,,
2016,городской округ Махнёвское,Свердловская область,16,4,few_months,,,
2020,городской округ Верхнее Дуброво,Свердловская область,18,6,type,T4,T4,1.24
2026,городской округ Верх-Нейвинский,Свердловская область,14,6,atypical,T4,,2.77
2029,городской округ Горноуральский,Свердловская область,16,8,type,T4,T4,1.62
2038,городской округ Староуткинск,Свердловская область,3,0,few_months,,,
2083,Кирсановский муниципальный округ,Тамбовская область,17,11,type,T6,T6,1.32
2086,Моршанский муниципальный округ,Тамбовская область,16,10,type,T5,T5,1.43
2092,Рассказовский муниципальный округ,Тамбовская область,8,0,few_months,,,
2099,Уваровский муниципальный округ,Тамбовская область,19,12,type,T5,T5,2.05
2166,городской округ рабочий поселок Новогуровский,Тульская область,14,7,type,T4,T4,1.47
2170,городской округ Славный,Тульская область,17,12,type,T4,T4,2.4
2209,Тобольский муниципальный район,Тюменская область,11,6,atypical,T3,,3.11
2214,Ялуторовский муниципальный район,Тюменская область,4,0,few_months,,,
2261,Мелекесский муниципальный район,Ульяновская область,3,0,few_months,,,
2263,Новомалыклинский муниципальный район,Ульяновская область,7,4,few_months,,,
2273,Цильнинский муниципальный район,Ульяновская область,21,12,type,T6,T6,1.28
2291,Агаповский муниципальный район,Челябинская область,13,6,type,T4,T4,1.3
2346,городской округ Провиденский,Чукотский автономный округ,12,5,few_months,,,
2347,городской округ Певек,Чукотский автономный округ,12,0,few_months,,,
2394,внутригородская территория города федерального значения поселок Петро-Славянка,Санкт-Петербург,18,6,type,T1,T1,1.67
2397,внутригородская территория города федерального значения поселок Усть-Ижора,Санкт-Петербург,17,10,type,T1,T1,1.19
2448,внутригородская территория города федерального значения поселок Александровская,Санкт-Петербург,1,0,few_months,,,
2594,внутригородская территория города федерального значения поселение Кленовское,Москва,10,6,type,T4,T4,2.12
2603,внутригородская территория города федерального значения поселение Роговское,Москва,10,7,type,T3,T3,2.48
3008,городской округ Химки,Московская область,12,12,type,T1,T1,0.66
3010,Тамбовский муниципальный округ,Тамбовская область,12,0,few_months,,,
3014,городской округ Павлово-Посадский,Московская область,10,10,type,T3,T3,1.16
3101,Сасовский муниципальный округ,Рязанская область,10,10,type,T4,T4,1.47
