territory_id,group,partner,road_km,closeness,comovement_excess,corr_city,wage_resid,index,pop_growth,p_hidden,name,city,hidden
73,ring,29,0.0,1.4908,0.4914,0.8284,0.1426,1.361,-0.0024,,Стерлитамакский муниципальный район,городской округ город Стерлитамак,False
76,ring,21,0.0,0.8079,0.6153,0.861,0.0581,0.9208,0.0233,,Уфимский муниципальный район,городской округ город Уфа,False
218,ring,206,0.0,0.3948,-0.1671,0.2931,0.046,-0.0509,-0.0011,,Прионежский муниципальный район,городской округ Петрозаводский,False
272,ring,270,0.0,-0.3964,0.2052,0.5172,0.0787,-0.0825,-0.0087,,Волжский муниципальный район,городской округ город Волжск,False
273,ring,271,0.0,-0.0516,-0.0479,0.3353,0.083,-0.1138,-0.0157,,Горномарийский муниципальный район,городской округ город Козьмодемьянск,False
517,ring,507,0.0,0.6651,0.3012,0.4118,-0.0111,0.4112,-0.0067,,Бийский муниципальный район,городской округ город Бийск,False
545,ring,509,0.0,0.1126,-0.1305,0.0147,-0.0354,-0.3417,0.0152,,Первомайский муниципальный район,городской округ город Новоалтайск,False
593,ring,574,0.0,0.007,0.1671,0.7153,-0.0672,-0.1931,-0.0146,,Петровск-Забайкальский муниципальный район,городской округ город Петровск-Забайкальский,False
605,ring,604,0.0,0.9866,0.0494,0.4995,0.2067,0.8076,-0.0113,,Агинский муниципальный район,городской округ поселок Агинское,False
694,ring,671,0.0,0.6557,-0.1102,0.0043,-0.0396,-0.0298,-0.0106,,Енисейский муниципальный район,городской округ город Енисейск,False
757,ring,727,0.0,0.9138,1.0239,0.8797,0.1021,1.4446,0.0039,,муниципальный округ Пермский,городской округ Пермский,False
788,ring,780,0.0,0.2122,0.1347,0.2729,0.0618,0.1567,-0.029,,Дальнереченский муниципальный район,городской округ Дальнереченский,False
800,ring,784,0.0,0.1467,0.1133,0.3378,-0.0384,-0.1057,-0.0165,,Спасский муниципальный район,городской округ Спасск-Дальний,False
860,ring,842,0.0,0.8868,0.7889,0.705,0.076,1.1606,0.0045,,Хабаровский муниципальный район,городской округ город Хабаровск,False
903,ring,892,0.0,-0.0985,-0.1776,0.0584,-0.3249,-1.0981,-0.0063,,Котласский муниципальный округ,городской округ Котлас,False
912,ring,890,0.0,0.5071,0.4771,0.4777,0.0607,0.6323,0.004,,Приморский муниципальный округ,городской округ город Архангельск,False
994,ring,987,0.0,-0.0936,-0.0007,-0.0068,-0.1323,-0.5369,-0.0183,,Гусь-Хрустальный муниципальный район,городской округ город Гусь-Хрустальный,False
1113,ring,1108,0.0,0.5461,0.1598,0.3214,0.16,0.5674,-0.0139,,Вичугский муниципальный район,городской округ Вичуга,False
1117,ring,1107,0.0,1.4285,0.5541,0.6566,0.1355,1.3692,0.0013,,Ивановский муниципальный район,городской округ Иваново,False
1119,ring,1109,0.0,-0.073,-0.1299,0.3012,-0.0532,-0.481,-0.0192,,Кинешемский муниципальный район,городской округ Кинешма,False
1129,ring,1111,0.0,0.2625,0.0371,0.1621,0.0603,0.0923,-0.0206,,Тейковский муниципальный район,городской округ Тейково,False
1131,ring,1112,0.0,1.0858,0.4299,0.3563,0.2119,1.2221,-0.021,,Шуйский муниципальный район,городской округ Шуя,False
1146,ring,1136,0.0,0.018,-0.5799,-0.2792,-0.275,-1.2993,-0.0134,,Братский муниципальный район,городской округ город Братск,False
1150,ring,1134,0.0,0.9455,1.1369,0.9042,0.2974,1.9678,0.0152,,Иркутский муниципальный район,городской округ город Иркутск,False
1164,ring,1141,0.0,-0.0112,-0.2581,-0.1965,-0.3847,-1.2465,-0.0228,,Усть-Илимский муниципальный район,городской округ город Усть-Илимск,False
1167,ring,1142,0.0,0.1342,0.4331,0.7472,-0.0364,0.1846,-0.0056,,Черемховский муниципальный район,городской округ город Черемхово,False
1243,ring,1224,0.0,0.9502,0.4217,0.7631,0.038,0.7813,,,Кемеровский муниципальный округ,городской округ Кемеровский,False
1270,ring,1259,0.0,0.3562,0.3378,0.5833,0.1056,0.5131,-0.0126,,Вятскополянский муниципальный район,городской округ город Вятские Поляны,False
1275,ring,1260,0.0,0.4024,0.4972,0.6586,0.0288,0.5268,0.0014,,Кирово-Чепецкий муниципальный район,городской округ город Кирово-Чепецк,False
1276,ring,1261,0.0,0.2142,-0.0106,-0.0406,-0.0102,-0.1236,-0.0445,,Котельничский муниципальный район,городской округ город Котельнич,False
1293,ring,1262,0.0,0.697,0.574,0.8041,0.0804,0.8672,0.0025,,Слободской муниципальный район,городской округ город Слободской,False
1310,ring,1304,0.0,0.8004,0.1197,0.1839,0.2901,0.9401,-0.0137,,Буйский муниципальный район,городской округ город Буй,False
1312,ring,1306,0.0,0.6915,0.4608,0.4335,-0.0249,0.5437,-0.024,,Галичский муниципальный район,городской округ город Галич,False
1315,ring,1303,0.0,1.1441,0.7672,0.8361,0.1751,1.4877,-0.0258,,Костромской муниципальный район,городской округ город Кострома,False
1402,ring,2422,0.0,1.4914,0.0557,0.928,0.059,0.7903,0.0615,,Ломоносовский муниципальный район,внутригородская территория города федерального значения город Ломоносов,False
1586,ring,1575,0.0,1.4131,0.6327,0.9337,0.1494,1.4613,0.0009,,Новгородский муниципальный район,городской округ Великий Новгород,False
1608,ring,1599,0.0,0.1312,0.5266,0.4641,-0.0518,0.2369,-0.0066,,Искитимский муниципальный район,городской округ город Искитим,False
1620,ring,1597,0.0,1.4737,0.7706,0.9238,0.2014,1.7285,0.0217,,Новосибирский муниципальный район,городской округ город Новосибирск,False
1683,ring,1667,0.0,1.2282,-0.2816,-0.2441,0.0318,0.2787,-0.0244,,Бугурусланский муниципальный район,городской округ город Бугуруслан,False
1726,ring,1707,0.0,1.3768,0.6548,0.7197,0.1399,1.4418,-0.0076,,муниципальный округ Орловский,городской округ город Орёл,False
1783,ring,1764,0.0,1.661,0.7515,0.9015,0.334,2.0881,0.0254,,Псковский муниципальный район,городской округ город Псков,False
1852,ring,1846,0.0,0.2452,0.2541,0.6099,-0.108,-0.065,,,Касимовский муниципальный район,городской округ город Касимов,False
1890,ring,1874,0.0,1.1868,0.7158,0.9184,0.138,1.3881,0.027,,Волжский муниципальный район,городской округ Самара,False
1894,ring,1876,0.0,-0.528,0.0753,0.1498,-0.2436,-0.9381,-0.0074,,Кинельский муниципальный район,городской округ Кинель,False
1902,ring,1880,0.0,-0.2756,0.3169,0.1769,-0.0054,-0.086,-0.0126,,Похвистневский муниципальный район,городской округ Похвистнево,False
1906,ring,1881,0.0,1.3853,0.4493,0.5814,0.0364,1.0453,-0.0147,,Сызранский муниципальный район,городской округ Сызрань,False
2015,ring,1972,0.0,-0.2587,0.1484,0.3329,-0.0001,-0.22,-0.0115,,городской округ Алапаевское,городской округ город Алапаевск,False
2023,ring,1985,0.0,-0.1333,0.3735,0.4426,-0.1424,-0.2369,-0.0044,,городской округ Ирбитское,городской округ город Ирбит,False
2024,ring,1986,0.0,0.6358,0.6623,0.6656,0.1974,1.1549,-0.0035,,городской округ Каменский,городской округ город Каменск-Уральский,False
2025,ring,1995,0.0,0.3834,0.286,0.2014,0.0939,0.4567,-0.0099,,городской округ Красноуфимский округ,городской округ Красноуфимск,False
2040,ring,1987,0.0,0.5137,0.343,0.3041,0.3716,1.1528,0.002,,Камышловский муниципальный район,городской округ Камышловский,False
2063,ring,2044,0.0,1.3239,0.8128,0.893,0.2509,1.7856,0.0103,,Смоленский муниципальный район,городской округ город Смоленск,False
2119,ring,2101,0.0,1.0536,0.6487,0.8488,0.1247,1.2251,0.0326,,муниципальный округ Калининский,городской округ город Тверь,False
2161,ring,2144,0.0,2.1205,1.1933,0.9558,0.3135,2.7062,0.0052,,Томский муниципальный район,городской округ город Томск,False
2203,ring,2192,0.0,0.6639,-0.0847,0.1489,0.0192,0.1192,-0.0066,,Ишимский муниципальный район,городской округ город Ишим,False
2210,ring,2190,0.0,1.3704,0.8128,0.9477,0.1275,1.5576,0.0248,,Тюменский муниципальный район,городской округ город Тюмень,False
2232,ring,2220,0.0,-0.049,0.5441,0.7957,-0.0341,0.1891,0.01,,Нефтеюганский муниципальный район,городской округ город Нефтеюганск,False
2233,ring,2221,0.0,-0.3602,0.1152,0.4333,-0.2623,-0.8465,0.0048,,Нижневартовский муниципальный район,городской округ город Нижневартовск,False
2236,ring,2226,0.0,-0.1866,0.7621,0.9268,-0.1017,0.1733,0.0187,,Сургутский муниципальный район,городской округ город Сургут,False
2237,ring,2216,0.0,0.4015,0.0699,0.5167,-0.2573,-0.4541,0.0083,,Ханты-Мансийский муниципальный район,городской округ город Ханты-Мансийск,False
2316,ring,2288,0.0,-0.203,-0.0219,0.0197,-0.1958,-0.7479,-0.0049,,Чебаркульский муниципальный район,городской округ Чебаркульский,False
2334,ring,2320,0.0,0.6714,0.2155,0.5797,0.0441,0.4498,-0.004,,Рыбинский муниципальный район,городской округ город Рыбинск,False
2337,ring,2318,0.0,1.5773,0.5998,0.9485,0.1301,1.4828,0.0289,,Ярославский муниципальный район,городской округ город Ярославль,False
2348,ring,2344,0.0,,,0.9139,0.122,,0.0215,,Анадырский муниципальный район,городской округ Анадырь,False
3007,ring,1236,0.0,-0.121,0.3567,0.6952,-0.2305,-0.4267,,,Прокопьевский муниципальный округ,городской округ Прокопьевский,False
2339,control,2338,0.0,-0.1011,-0.0556,-0.0026,-0.0694,-0.4618,-0.0122,0.0,Биробиджанский муниципальный район,городской округ город Биробиджан,False
1149,control,1137,0.0,0.425,0.1836,0.3928,0.2011,0.6066,-0.0081,0.99,Зиминский муниципальный район,городской округ Зима,True
1863,control,1845,0.0,1.0356,0.6892,0.8081,0.0599,1.119,,1.0,Рязанский муниципальный район,городской округ город Рязань,True
2881,control,812,3.9,1.0086,0.3993,0.8591,-0.0018,0.7113,-0.0095,0.995,Предгорный муниципальный округ,городской округ город-курорт Ессентуки,True
2314,control,2289,6.9,-0.3602,0.2055,0.3787,-0.227,-0.6911,-0.0016,0.0,Увельский муниципальный район,городской округ Южноуральский,False
278,control,269,7.2,1.5102,0.5131,0.7839,0.2326,1.5771,0.0013,1.0,Медведевский муниципальный район,городской округ город Йошкар-Ола,True
62,control,25,7.3,-0.2698,0.1117,0.2501,-0.2121,-0.6962,-0.0137,0.0,Краснокамский муниципальный район,городской округ город Нефтекамск,False
459,control,452,7.4,0.1808,0.1602,0.3698,0.1805,0.4068,-0.0148,0.44,Усть-Абаканский муниципальный район,городской округ город Черногорск,False
237,control,224,7.6,0.3893,0.3682,0.5384,0.0269,0.3972,0.0014,0.475,Сыктывдинский муниципальный район,городской округ Сыктывкар,False
917,control,916,8.1,,,0.8598,-0.0715,,0.0086,0.0,муниципальный район Заполярный район,городской округ город Нарьян-Мар,False
440,control,422,8.2,0.6423,0.4496,0.463,-0.0273,0.5011,-0.01,0.49,муниципальный округ Сарапульский район,городской округ город Сарапул,True
1240,control,1226,9.1,0.0643,-0.0906,0.0688,-0.118,-0.502,,0.0,Беловский муниципальный округ,городской округ Беловский,False
12,control,10,9.2,1.0352,0.2291,0.8138,0.1844,0.9532,0.009,1.0,Майминский муниципальный район,городской округ город Горно-Алтайск,True
1952,control,2887,9.4,2.033,1.0468,0.9566,0.137,2.16,-0.0044,1.0,Энгельсский муниципальный район,городской округ город Саратов,True
2186,control,2169,10.6,0.5231,0.5357,0.9472,0.0955,0.7663,-0.0015,1.0,Узловский муниципальный район,городской округ город Новомосковск,True
1186,control,1176,10.8,1.1886,0.838,0.9145,0.1463,1.5181,0.0278,1.0,муниципальный округ Гурьевский,городской округ город Калининград,True
1191,control,1181,12.0,0.4409,0.1387,0.4203,0.0528,0.269,-0.0111,0.15,муниципальный округ Неманский,городской округ Советский,False
498,control,478,12.0,0.5131,0.5045,0.6224,0.0417,0.6216,-0.0018,0.865,Чебоксарский муниципальный округ,городской округ город Чебоксары,True
1519,control,1506,12.4,-0.4548,0.1277,0.6069,-0.2746,-0.9132,-0.0092,0.0,Кольский муниципальный район,городской округ город Мурманск,False
511,control,512,12.8,0.2514,-0.0826,0.2619,0.1198,0.0987,-0.0102,0.125,муниципальный округ город Славгород,городской округ город Яровое,False
1039,control,1008,12.9,0.7193,0.309,0.5321,0.0239,0.5205,0.0052,0.8,Среднеахтубинский муниципальный район,городской округ город Волжский,True
1015,control,1007,13.2,-0.262,-0.1521,0.0928,-0.2044,-0.9177,0.0099,0.0,Городищенский муниципальный район,городской округ город-герой Волгоград,False
1163,control,1140,13.3,-0.0204,-0.3516,-0.2752,-0.1462,-0.8465,-0.0115,0.0,Усольский муниципальный район,городской округ город Усолье-Сибирское,False
2235,control,2228,13.6,0.4914,0.2928,0.5549,0.1995,0.7402,-0.002,0.925,Советский муниципальный район,городской округ город Югорск,True
6,control,1,13.7,0.2731,0.3097,0.6063,0.1094,0.4489,0.0062,0.42,Майкопский муниципальный район,городской округ город Майкоп,False
928,control,918,13.7,0.9395,0.4532,0.546,0.1844,1.1054,0.0316,1.0,Приволжский муниципальный район,городской округ город Астрахань,True
1206,control,2646,13.8,-0.5254,0.2211,0.4694,-0.1456,-0.6014,-0.017,0.0,Жуковский муниципальный район,городской округ город Обнинск,False
2179,control,2167,14.3,-0.1501,-0.2151,0.1091,-0.0292,-0.5525,-0.0006,0.0,Кимовский муниципальный район,городской округ город Донской,False
1196,control,1181,14.8,-0.0278,-0.1511,-0.2616,0.0931,-0.1742,-0.0122,0.005,муниципальный округ Славский,городской округ Советский,False
714,control,669,14.9,0.6413,0.0924,0.2643,0.1197,0.4758,-0.0165,0.65,Рыбинский муниципальный район,городской округ город Бородино,True
734,control,745,15.8,0.6925,0.0801,0.538,0.0904,0.4328,-0.0144,0.7,муниципальный округ Александровский,городской округ город Кизел,False
1652,control,1632,16.0,0.7525,0.9152,0.8517,-0.0056,1.0338,-0.0032,1.0,Омский муниципальный район,городской округ город Омск,True
841,control,809,16.1,0.9927,0.3467,0.8607,0.1471,0.9607,-0.0052,1.0,Шпаковский муниципальный округ,городской округ город Ставрополь,True
57,control,27,16.4,0.7099,0.5522,0.8836,0.2171,1.1357,-0.0107,1.0,Ишимбайский муниципальный район,городской округ город Салават,True
204,control,194,16.6,0.6038,0.1403,0.4203,-0.0511,0.1472,0.0018,0.025,Усть-Джегутинский муниципальный район,городской округ Черкесский,False
2272,control,2251,16.7,-0.1979,-0.129,0.0813,-0.2613,-0.9779,-0.0013,0.0,Ульяновский муниципальный район,городской округ город Ульяновск,False
1212,control,2646,16.8,0.2539,0.6311,0.7709,0.0075,0.523,0.0163,0.725,Малоярославецкий муниципальный район,городской округ город Обнинск,True
793,control,785,17.6,-0.5169,-0.3938,-0.3818,-0.4372,-1.7603,-0.0098,0.0,Михайловский муниципальный район,городской округ Уссурийский,False
236,control,229,17.9,0.4376,0.2318,0.6758,0.0167,0.2783,-0.0101,0.14,муниципальный район Сосногорск,городской округ Ухта,False
686,control,679,18.0,1.1445,0.8264,0.8215,0.0492,1.2831,0.0157,1.0,Березовский муниципальный район,городской округ город Сосновоборск,True
430,control,418,18.6,1.1823,0.8258,0.8958,0.2038,1.6218,0.0165,1.0,муниципальный округ Завьяловский район,городской округ город Ижевск,True
8,control,2,18.8,-0.3504,-0.6892,-0.2803,0.3721,-0.2723,0.0029,0.065,Теучежский муниципальный район,городской округ город Адыгейск,False
1116,control,1109,19.3,0.185,0.0539,0.3723,0.0262,-0.0058,-0.0217,0.01,Заволжский муниципальный район,городской округ Кинешма,False
1549,control,1527,19.7,0.2032,-0.46,-0.2895,-0.1628,-0.8555,-0.0009,0.0,Володарский муниципальный округ,городской округ город Дзержинск,False
1922,control,1912,19.8,0.8725,0.7254,0.8216,0.1,1.1439,-0.0086,1.0,Вольский муниципальный район,городской округ город Шиханы,True
819,control,813,20.0,1.3587,0.418,0.8373,0.052,1.0339,-0.0069,1.0,Минераловодский муниципальный округ,городской округ город-курорт Железноводск,True
173,control,169,20.2,,,0.3479,0.0266,,-0.0058,0.0,Майский муниципальный район,городской округ Прохладный,False
794,control,777,20.2,0.733,0.0971,0.2563,-0.0036,0.2774,0.0317,0.325,Надеждинский муниципальный район,городской округ Артемовский,False
1861,control,1845,20.4,0.1308,0.2994,0.5598,-0.1747,-0.2245,,0.0,Рыбновский муниципальный район,городской округ город Рязань,False
371,control,354,20.6,0.1122,0.2014,0.6657,-0.0184,-0.0029,0.0406,0.0,Высокогорский муниципальный район,городской округ город Казань,False
75,control,26,20.7,1.2255,0.568,0.9482,0.0866,1.1683,-0.0062,1.0,Туймазинский муниципальный район,городской округ город Октябрьский,True
2647,control,2646,20.7,0.5565,0.7622,0.8803,-0.0537,0.6854,-0.0,0.995,Боровский муниципальный район,городской округ город Обнинск,True
326,control,309,21.0,0.2829,0.2105,0.8754,-0.1002,-0.0679,-0.0054,0.0,Мегино-Кангаласский муниципальный район,городской округ город Якутск,False
1188,control,1179,21.3,0.1404,0.2089,0.347,0.4261,0.9346,0.0098,0.98,муниципальный округ Зеленоградский,городской округ Пионерский,True
797,control,782,22.0,-0.4354,-0.4105,-0.2298,-0.0052,-0.841,0.0006,0.0,Партизанский муниципальный округ,городской округ Находкинский,False
2188,control,2164,22.3,0.5116,0.5343,0.8928,0.0521,0.6695,-0.0129,0.97,Щекинский муниципальный район,городской округ город Тула,True
453,control,448,22.3,-0.1188,0.0956,0.3312,-0.1371,-0.4727,0.0066,0.0,Алтайский муниципальный район,городской округ город Абакан,False
2312,control,2275,22.3,1.2469,0.7837,0.867,0.1431,1.4941,0.0529,1.0,Сосновский муниципальный район,городской округ Челябинский,True
1543,control,1530,22.8,0.5792,0.0161,0.376,0.1438,0.4209,-0.0066,0.465,Бутурлинский муниципальный округ,городской округ Перевозский,False
832,control,820,23.4,-0.3987,0.1332,0.5231,-0.0278,-0.3689,-0.0053,0.0,Кочубеевский муниципальный округ,городской округ город Невинномысск,False
1895,control,1879,23.6,-0.238,0.1286,0.3378,-0.0379,-0.3046,-0.01,0.0,Кинель-Черкасский муниципальный район,городской округ Отрадный,False
693,control,666,24.0,1.0073,0.8771,0.7613,0.0464,1.2474,0.0288,1.0,Емельяновский муниципальный район,городской округ город Красноярск,True
1192,control,1187,24.7,-0.0256,0.4091,0.5535,-0.0405,0.0653,-0.0135,0.015,муниципальный округ Нестеровский,городской округ Гусевский,False
1544,control,1530,25.4,0.4639,0.188,0.1707,-0.0429,0.1301,-0.0088,0.085,Вадский муниципальный округ,городской округ Перевозский,False
2886,control,745,26.3,0.7226,0.3185,0.3763,0.0893,0.6655,-0.0114,0.965,муниципальный округ Губахинский,городской округ город Кизел,True
1569,control,1550,26.4,0.2569,0.3736,0.6901,0.213,0.7117,-0.0083,0.995,Спасский муниципальный округ,городской округ Воротынский,True
737,control,756,26.9,-0.0242,0.2572,0.534,0.097,0.2099,-0.0121,0.08,муниципальный округ Большесосновский,городской округ Очерский,False
542,control,507,27.1,-0.4184,-0.4049,-0.3314,-0.3274,-1.4895,-0.0031,0.0,Зональный муниципальный район,городской округ город Бийск,False
2120,control,2121,27.3,-0.0831,0.2486,0.5305,0.2538,0.492,-0.0181,0.61,муниципальный округ Калязинский,городской округ Кашинский,True
1560,control,1523,27.4,1.5477,0.9609,0.9699,0.1357,1.8086,-0.0058,1.0,Кстовский муниципальный округ,городской округ город Нижний Новгород,True
1193,control,1187,27.7,0.2591,0.0149,0.282,-0.0369,-0.1301,-0.0095,0.0,муниципальный округ Озерский,городской округ Гусевский,False
1197,control,1187,27.9,0.5839,0.0417,0.1443,0.1212,0.4006,-0.0123,0.57,муниципальный округ Черняховский,городской округ Гусевский,False
66,control,23,28.5,0.7103,0.5005,0.8877,0.219,1.0926,-0.0119,1.0,Мелеузовский муниципальный район,городской округ город Кумертау,True
612,control,608,29.5,1.3488,0.8726,0.9182,0.1835,1.7156,0.0039,1.0,Елизовский муниципальный район,городской округ Петропавловск-Камчатский,True
2304,control,2279,29.8,-0.6227,-0.3698,-0.2472,-0.217,-1.3438,0.017,0.0,Красноармейский муниципальный район,городской округ Копейский,False
1571,control,1533,30.1,0.108,0.4831,0.7114,0.2107,0.7246,-0.012,0.99,Тоншаевский муниципальный округ,городской округ город Шахунья,True
2301,control,2287,30.3,0.7597,0.2932,0.503,0.0908,0.6661,-0.0139,0.96,Катав-Ивановский муниципальный район,городской округ Усть-Катавский,True
1691,control,1666,30.3,0.537,0.1058,0.1872,0.1843,0.5631,-0.023,0.835,Матвеевский муниципальный район,городской округ Абдулинский,True
697,control,674,30.3,0.1995,0.0954,0.005,-0.2347,-0.4966,-0.0186,0.0,Иланский муниципальный район,городской округ город Канск,False
3012,control,3011,31.1,-0.4701,-0.4793,-0.3147,-0.1098,-1.1385,-0.009,0.0,Кусинский муниципальный район,городской округ Златоустовский,False
2300,control,2280,31.2,-0.2307,0.278,0.4109,-0.0186,-0.1238,-0.0164,0.0,Каслинский муниципальный район,городской округ Кыштымский,False
1241,control,1226,31.4,0.4211,0.3569,0.8539,0.0371,0.4256,,0.49,Гурьевский муниципальный округ,городской округ Беловский,False
458,control,449,31.7,-0.1371,0.0445,0.3177,0.0428,-0.1594,-0.0163,0.0,Таштыпский муниципальный район,городской округ город Абаза,False
1256,control,1225,32.0,0.0996,0.0341,0.5703,0.0691,0.0169,,0.005,Яйский муниципальный округ,городской округ Анжеро-Судженский,False
552,control,507,32.0,-0.4493,-0.2019,0.1998,-0.1679,-0.9925,-0.0156,0.0,Смоленский муниципальный район,городской округ город Бийск,False
1413,control,1410,32.1,-0.008,0.3294,0.7767,-0.1716,-0.2677,0.0029,0.0,Грязинский муниципальный район,городской округ город Липецк,False
1003,control,986,32.6,-0.6709,-0.298,-0.1428,-0.2047,-1.2795,-0.0165,0.0,Собинский муниципальный район,городской округ город Владимир,False
1542,control,1530,32.7,0.2256,-0.3193,-0.1602,0.0684,-0.2383,-0.0048,0.0,Большемурашкинский муниципальный округ,городской округ Перевозский,False
795,control,785,33.2,-0.6893,-0.0965,0.2481,-0.3539,-1.4121,-0.0084,0.0,Октябрьский муниципальный округ,городской округ Уссурийский,False
2274,control,2251,33.4,-0.1018,-0.192,0.0358,-0.3105,-1.0836,-0.0093,0.0,Чердаклинский муниципальный район,городской округ город Ульяновск,False
1574,control,3005,33.7,-0.28,-0.5808,-0.2377,-0.0945,-1.0943,-0.0057,0.0,Шатковский муниципальный округ,городской округ город Арзамас,False
807,control,778,33.9,0.1205,-0.213,0.0815,-0.1347,-0.6174,-0.004,0.0,Шкотовский муниципальный округ,городской округ Большой Камень,False
2122,control,2121,34.1,0.2528,0.21,0.2431,-0.0365,0.046,-0.0081,0.02,муниципальный округ Кесовогорский,городской округ Кашинский,False
373,control,355,34.2,1.2692,0.4287,0.9652,-0.0042,0.8783,-0.0023,1.0,Елабужский муниципальный район,городской округ город Набережные Челны,True
746,control,760,35.0,0.3364,0.0096,0.2971,0.0789,0.1464,-0.0182,0.075,муниципальный округ Кишертский,городской округ Суксунский,False
749,control,766,35.0,-0.3449,-0.5689,-0.026,0.0788,-0.7629,-0.0158,0.0,муниципальный округ Куединский,городской округ Чернушинский,False
1899,control,1874,35.1,-0.3957,-0.0748,0.0698,-0.0975,-0.7013,-0.007,0.0,Красноярский муниципальный район,городской округ Самара,False
196,control,194,35.3,0.3601,0.3642,0.3406,0.2117,0.7577,0.0142,0.98,Абазинский муниципальный район,городской округ Черкесский,True
1005,control,986,35.3,0.132,-0.2201,-0.0615,0.0308,-0.2768,0.0014,0.0,Суздальский муниципальный район,городской округ город Владимир,False
444,control,419,35.5,-0.5975,0.2348,0.3971,-0.1452,-0.6279,-0.0071,0.0,муниципальный округ Шарканский район,городской округ город Воткинск,False
2310,control,2289,35.6,-0.127,0.4283,0.5543,-0.2433,-0.3909,-0.0064,0.0,Пластовский муниципальный район,городской округ Южноуральский,False
1539,control,1527,35.7,0.3985,0.858,0.7777,0.0902,0.9814,-0.0077,0.995,Балахнинский муниципальный округ,городской округ город Дзержинск,True
744,control,738,35.8,0.9554,0.1509,0.511,0.1251,0.7151,-0.0111,0.965,муниципальный округ Карагайский,городской округ Верещагинский,True
3,control,1,36.1,-0.0123,-0.1285,0.1056,-0.122,-0.5875,-0.0019,0.0,Гиагинский муниципальный район,городской округ город Майкоп,False
787,control,776,36.4,-0.4212,0.0029,0.172,-0.1739,-0.8016,-0.0124,0.0,Анучинский муниципальный округ,городской округ Арсеньевский,False
2178,control,2168,36.5,-0.3364,0.0683,0.245,-0.0282,-0.3945,-0.0131,0.0,Каменский муниципальный район,городской округ город Ефремов,False
1431,control,1430,36.6,,,0.1424,-0.0875,,0.0183,0.0,муниципальный округ Ольский,городской округ город Магадан,False
2180,control,2169,36.6,-0.5532,0.0367,0.4782,0.0435,-0.3965,-0.0014,0.0,Киреевский муниципальный район,городской округ город Новомосковск,False
35,control,28,36.9,0.2667,0.1401,0.3513,-0.1176,-0.1773,-0.0134,0.0,Баймакский муниципальный район,городской округ город Сибай,False
1257,control,1237,37.1,-0.078,-0.1375,0.4139,0.1635,-0.0449,,0.0,Яшкинский муниципальный округ,городской округ Тайгинский,False
2212,control,2191,37.4,0.144,0.4056,0.7309,0.0685,0.3807,0.0028,0.255,Упоровский муниципальный район,городской округ Заводоуковский,False
1337,control,1333,37.7,-0.4887,0.3603,0.2992,-0.2956,-0.7621,-0.0155,0.0,Варгашинский муниципальный округ,городской округ город Курган,False
2060,control,2045,38.0,0.4829,0.1022,0.2772,0.1136,0.3842,-0.0149,0.345,Рославльский муниципальный район,городской округ город Десногорск,False
1704,control,1675,38.3,0.3342,0.1808,0.2438,0.3341,0.8273,-0.0129,0.995,Тоцкий муниципальный район,городской округ Сорочинский,True
857,control,843,38.3,-0.2632,-0.456,-0.326,-0.2042,-1.1964,-0.0091,0.0,Солнечный муниципальный район,городской округ город Комсомольск-на-Амуре,False
1221,control,1198,38.4,0.1432,-0.144,-0.1956,-0.0732,-0.4148,0.0172,0.0,Ферзиковский муниципальный район,городской округ город Калуга,False
55,control,21,38.8,-0.1813,0.2685,0.5055,-0.0074,-0.082,0.0117,0.0,Иглинский муниципальный район,городской округ город Уфа,False
1699,control,1665,39.2,-0.5301,-0.3122,-0.2346,-0.2975,-1.4051,-0.0004,0.0,Сакмарский муниципальный район,городской округ город Оренбург,False
1004,control,986,39.6,-0.6185,-0.265,-0.3803,-0.1784,-1.1659,-0.0171,0.0,Судогодский муниципальный район,городской округ город Владимир,False
455,control,450,39.9,-0.2762,-0.1534,0.1733,0.1908,-0.1134,-0.0243,0.02,Бейский муниципальный район,городской округ город Саяногорск,False
2303,control,2279,39.9,-0.1963,0.2948,0.4449,-0.0109,-0.0734,-0.0114,0.0,Коркинский муниципальный округ,городской округ Копейский,False
388,control,354,40.3,0.0761,0.4143,0.9042,0.002,0.2141,0.022,0.03,Пестречинский муниципальный район,городской округ город Казань,False
2133,control,2105,40.4,-0.5509,-0.3307,-0.2027,0.1721,-0.4673,-0.0165,0.0,муниципальный округ Пеновский,городской округ Осташковский,False
446,control,418,40.9,-0.7768,-0.1312,0.0683,-0.2609,-1.3011,-0.004,0.0,муниципальный округ Якшур-Бодьинский район,городской округ город Ижевск,False
923,control,918,41.2,-0.727,-0.6303,-0.1595,-0.1455,-1.4934,-0.0065,0.0,Икрянинский муниципальный район,городской округ город Астрахань,False
1321,control,1305,41.2,1.3195,0.5375,0.4313,0.2619,1.5536,-0.0193,1.0,муниципальный район город Нерехта и Нерехтский район,городской округ город Волгореченск,True
2177,control,2165,41.5,0.6197,0.487,0.5723,0.1886,0.9672,0.0027,0.995,Заокский муниципальный район,городской округ город Алексин,True
735,control,754,41.6,0.336,-0.214,0.0316,-0.0034,-0.228,-0.0053,0.0,муниципальный округ Бардымский,городской округ Осинский,False
758,control,738,41.8,0.0242,0.0586,0.3706,0.0984,0.0577,-0.0158,0.005,муниципальный округ Сивинский,городской округ Верещагинский,False
375,control,354,41.9,0.5893,0.5021,0.952,0.1305,0.8445,0.0005,1.0,Зеленодольский муниципальный район,городской округ город Казань,True
1540,control,1527,41.9,0.7356,0.5769,0.662,0.1222,0.9773,-0.0124,0.99,Богородский муниципальный округ,городской округ город Дзержинск,True
753,control,760,42.0,0.1262,-0.4111,-0.0913,0.1389,-0.2324,-0.0135,0.0,муниципальный округ Ординский,городской округ Суксунский,False
2292,control,2280,43.1,-0.3977,-0.232,0.0296,-0.1983,-1.054,-0.0003,0.0,Аргаяшский муниципальный район,городской округ Кыштымский,False
2298,control,2279,43.3,-0.7972,-0.0486,0.0554,-0.1628,-1.035,0.0012,0.0,Еткульский муниципальный район,городской округ Копейский,False
927,control,918,43.4,1.0689,0.4392,0.6689,-0.0589,0.6638,-0.0081,0.93,Наримановский муниципальный район,городской округ город Астрахань,True
1885,control,1883,43.5,0.5031,0.1997,0.4633,0.0012,0.2534,-0.0178,0.105,Безенчукский муниципальный район,городской округ Чапаевск,False
1554,control,1530,43.5,0.7537,-0.4771,-0.2282,0.1619,0.1035,-0.009,0.065,Дальнеконстантиновский муниципальный округ,городской округ Перевозский,False
1200,control,1198,44.2,-0.5924,-0.2643,-0.0126,-0.2446,-1.2871,-0.0019,0.0,Бабынинский муниципальный район,городской округ город Калуга,False
2189,control,2164,44.4,-0.4292,0.1235,0.3108,-0.1183,-0.5811,-0.0047,0.0,Ясногорский муниципальный район,городской округ город Тула,False
1692,control,1673,44.5,-0.2768,0.4241,0.5857,-0.3197,-0.6354,-0.0169,0.0,Новоорский муниципальный район,городской округ город Орск,False
1017,control,1008,44.6,-0.5785,-0.2244,0.1555,-0.2196,-1.1913,-0.0062,0.0,Дубовский муниципальный район,городской округ город Волжский,False
2308,control,2276,44.9,-0.0887,0.1234,0.1915,0.0537,-0.0376,-0.0149,0.0,Нязепетровский муниципальный район,городской округ Верхнеуфалейский,False
2139,control,2710,45.0,-0.4661,0.0466,0.1197,-0.028,-0.4862,-0.018,0.0,муниципальный округ Спировский,городской округ Вышневолоцкий,False
1570,control,1533,45.2,0.3865,0.3354,0.505,0.1758,0.6722,-0.011,0.955,Тонкинский муниципальный округ,городской округ город Шахунья,True
1948,control,2887,45.3,-0.4801,-0.5205,-0.476,-0.1857,-1.3381,-0.0112,0.0,Татищевский муниципальный район,городской округ город Саратов,False
1203,control,1198,45.5,-0.6522,-0.0711,0.287,-0.2033,-1.0583,-0.0034,0.0,Дзержинский муниципальный район,городской округ город Калуга,False
515,control,506,45.9,0.3049,0.4376,0.5753,0.0493,0.46,-0.0008,0.56,Алтайский муниципальный район,городской округ город Белокуриха,True
790,control,781,46.1,0.0749,0.4966,0.7396,0.1687,0.632,-0.0166,0.925,Кировский муниципальный район,городской округ Лесозаводский,True
1287,control,1258,46.3,-0.7182,-0.0857,0.0125,-0.2573,-1.2196,-0.0086,0.0,Оричевский муниципальный район,городской округ город Киров,False
1898,control,1883,46.4,-0.5531,0.0363,0.2941,-0.1128,-0.7186,-0.0141,0.0,Красноармейский муниципальный район,городской округ Чапаевск,False
995,control,986,46.8,-0.7987,-0.0198,0.106,-0.1838,-1.0527,-0.0014,0.0,Камешковский муниципальный район,городской округ город Владимир,False
233,control,224,46.8,-0.6766,-0.3294,-0.1165,-0.2817,-1.4698,-0.0165,0.0,Корткеросский муниципальный район,городской округ Сыктывкар,False
44,control,21,47.2,0.1635,0.3081,0.6262,0.0351,0.2335,-0.0087,0.135,Благовещенский муниципальный район,городской округ город Уфа,False
2137,control,2105,47.5,-0.4371,-0.4869,-0.4043,0.0479,-0.8026,-0.0129,0.0,муниципальный округ Селижаровский,городской округ Осташковский,False
808,control,776,47.6,-0.2625,-0.591,-0.3431,-0.0151,-0.9306,-0.0143,0.0,Яковлевский муниципальный округ,городской округ Арсеньевский,False
2176,control,2164,49.6,-0.71,0.1781,0.3943,-0.1024,-0.6545,-0.0078,0.0,Дубенский муниципальный район,городской округ город Тула,False
1553,control,1536,50.1,0.1276,0.3411,0.4496,0.3049,0.7991,-0.0068,0.995,Городецкий муниципальный округ,городской округ город Чкаловск,True
83,control,25,50.2,0.1794,0.4665,0.8367,-0.1224,0.0634,-0.0114,0.0,Янаульский муниципальный район,городской округ город Нефтекамск,False
2267,control,2253,50.2,-0.1436,-0.0102,0.3146,0.0651,-0.1673,-0.0157,0.0,Сенгилеевский муниципальный район,городской округ город Новоульяновск,False
2042,control,2027,50.6,-0.7121,0.2906,0.3629,0.0467,-0.2458,-0.0059,0.0,Нижнесергинский муниципальный район,городской округ Бисертский,False
1189,control,1187,51.1,-0.054,0.1994,0.399,-0.0225,-0.1056,-0.0175,0.0,муниципальный округ Краснознаменский,городской округ Гусевский,False
60,control,21,51.7,-0.6259,0.0093,0.3923,-0.1739,-0.9096,-0.0079,0.0,Кармаскалинский муниципальный район,городской округ город Уфа,False
2174,control,2164,51.7,-0.6503,0.1607,0.546,-0.0927,-0.6173,-0.0035,0.0,Веневский муниципальный район,городской округ город Тула,False
2112,control,2131,52.1,-0.4035,-0.2822,-0.2766,0.0579,-0.5758,-0.0178,0.0,муниципальный округ Бельский,городской округ Нелидовский,False
432,control,422,52.1,-0.2512,-0.2627,-0.2171,-0.0516,-0.6985,-0.0139,0.0,муниципальный округ Камбарский район,городской округ город Сарапул,False
370,control,354,52.1,-0.1027,0.0633,0.4508,-0.4939,-1.2276,0.0085,0.0,Верхнеуслонский муниципальный район,городской округ город Казань,False
1679,control,1674,52.3,0.4543,0.2329,0.3423,0.0346,0.3253,-0.0105,0.2,Акбулакский муниципальный район,городской округ Соль-Илецкий,False
2117,control,2131,52.5,-0.3767,0.2304,0.3407,0.0969,-0.0109,-0.0158,0.0,муниципальный округ Западнодвинский,городской округ Нелидовский,False
2809,control,760,53.5,0.0256,-0.1412,0.0335,0.4476,0.5942,-0.0057,0.845,муниципальный округ Кунгурский,городской округ Суксунский,True
1537,control,3005,53.8,-0.3763,-0.4707,-0.1318,-0.1433,-1.1474,-0.0113,0.0,Ардатовский муниципальный округ,городской округ город Арзамас,False
2113,control,2710,54.3,0.2531,0.149,0.1195,0.0101,0.0861,-0.0123,0.01,муниципальный округ Бологовский,городской округ Вышневолоцкий,False
2132,control,2131,54.5,-0.2361,-0.0297,0.0404,0.1661,-0.0287,-0.0137,0.005,муниципальный округ Оленинский,городской округ Нелидовский,False
1546,control,1529,54.8,0.4945,-0.0476,0.2739,0.1991,0.4293,-0.0061,0.585,Вачский муниципальный округ,городской округ Навашинский,False
742,control,754,54.8,0.2035,-0.1353,0.0691,0.1154,0.0148,-0.0219,0.0,муниципальный округ Еловский,городской округ Осинский,False
1572,control,1533,55.0,0.1417,0.0369,0.2515,0.1928,0.2977,-0.0065,0.28,Уренский муниципальный округ,городской округ город Шахунья,False
2206,control,2201,55.3,0.2508,-0.0697,0.331,0.1451,0.1623,-0.0024,0.065,Омутинский муниципальный район,городской округ Голышмановский,False
1169,control,1135,55.3,1.0121,0.8142,0.5931,0.0983,1.2993,-0.008,1.0,Шелеховский муниципальный район,городской округ Ангарский,True
528,control,504,55.6,-0.6171,-0.3012,-0.1866,-0.381,-1.6153,-0.007,0.0,Калманский муниципальный район,городской округ город Барнаул,False
2039,control,2034,56.2,-0.28,-0.2437,0.0368,0.1099,-0.3648,-0.0055,0.0,Байкаловский муниципальный район,городской округ Талицкий,False
1686,control,1676,56.5,-0.0428,-0.1138,0.0099,0.0245,-0.2896,-0.0239,0.0,Домбаровский муниципальный район,городской округ Ясненский,False
1555,control,1534,56.5,0.1805,0.2452,0.3101,0.3199,0.7715,-0.0023,0.995,Дивеевский муниципальный округ,городской округ город Первомайск,True
379,control,354,56.5,0.6865,0.564,0.8734,-0.0043,0.6778,0.0684,0.905,Лаишевский муниципальный район,городской округ город Казань,True
1693,control,1675,56.6,-0.1762,0.1769,0.3939,-0.0774,-0.3072,-0.0172,0.0,Новосергиевский муниципальный район,городской округ Сорочинский,False
2311,control,3011,56.7,0.9203,0.6568,0.7358,0.0766,1.0595,-0.0084,1.0,Саткинский муниципальный район,городской округ Златоустовский,True
1027,control,1010,57.5,-0.255,0.1025,0.2592,-0.0771,-0.4186,-0.0139,0.0,Кумылженский муниципальный район,городской округ город Михайловка,False
2197,control,2201,57.6,0.1523,-0.1358,0.2246,0.104,-0.0376,-0.0111,0.02,Аромашевский муниципальный район,городской округ Голышмановский,False
1562,control,1550,57.8,0.2538,-0.0209,0.186,0.4943,0.9274,-0.0107,1.0,Лысковский муниципальный округ,городской округ Воротынский,True
543,control,504,57.8,-0.3448,-0.4052,-0.2125,-0.2383,-1.2655,-0.0124,0.0,Павловский муниципальный район,городской округ город Барнаул,False
2148,control,2146,58.4,1.1463,-0.0942,0.2393,-0.0926,0.1489,-0.0215,0.13,Александровский муниципальный район,городской округ город Стрежевой,False
1561,control,1534,58.7,-0.0645,0.0511,0.3612,0.2443,0.3018,-0.0127,0.365,Лукояновский муниципальный округ,городской округ город Первомайск,False
2181,control,2168,59.3,-0.1988,0.2699,0.6309,0.0151,-0.0441,-0.0046,0.0,Куркинский муниципальный район,городской округ город Ефремов,False
2175,control,2168,59.8,-0.0995,0.329,0.7203,-0.0295,-0.0265,-0.0056,0.0,Воловский муниципальный район,городской округ город Ефремов,False
2872,control,2238,61.4,-0.4403,0.0861,0.7382,-0.0545,-0.4902,0.0058,0.0,муниципальный округ Приуральский район,городской округ город Салехард,False
1698,control,1666,61.9,0.073,-0.2802,-0.231,0.2994,0.1881,-0.0116,0.175,Пономарёвский муниципальный район,городской округ Абдулинский,False
1558,control,1532,64.7,0.6111,-0.3149,-0.0584,0.0909,0.0266,-0.0119,0.03,Краснобаковский муниципальный округ,городской округ Семеновский,False
1689,control,1675,65.3,-0.0792,-0.039,-0.0063,0.0181,-0.2545,-0.0122,0.0,Красногвардейский муниципальный район,городской округ Сорочинский,False
1301,control,1258,65.8,-0.84,-0.1835,-0.0186,-0.353,-1.5738,-0.0197,0.0,Юрьянский муниципальный район,городской округ город Киров,False
2333,control,2619,66.3,1.3457,0.3495,0.6241,0.0304,0.9194,-0.0077,1.0,Ростовский муниципальный район,городской округ город Переславль-Залесский,True
761,control,766,66.4,-0.3845,-0.7588,-0.2976,-0.004,-1.1292,-0.0159,0.0,муниципальный округ Уинский,городской округ Чернушинский,False
2143,control,2710,67.0,-0.3678,-0.0005,0.0216,0.0267,-0.3621,-0.0154,0.0,муниципальный округ Фировский,городской округ Вышневолоцкий,False
1547,control,1533,67.2,0.0139,-0.0789,0.1721,0.1807,0.0953,-0.0112,0.04,Ветлужский муниципальный округ,городской округ город Шахунья,False
1551,control,1532,67.3,0.2469,-0.0182,0.3116,0.0336,-0.022,-0.0089,0.01,Воскресенский муниципальный округ,городской округ Семеновский,False
789,control,779,68.1,0.1689,0.3386,0.5891,0.0719,0.3403,-0.0168,0.37,Кавалеровский муниципальный округ,городской округ Дальнегорский,False
764,control,755,71.0,0.4896,-0.1692,-0.0597,-0.0092,-0.1136,-0.0146,0.01,муниципальный округ Частинский,городской округ Оханский,False
2129,control,2109,71.3,-0.5142,-0.0552,0.023,0.1582,-0.223,-0.0155,0.0,муниципальный округ Максатихинский,городской округ Удомельский,False
2110,control,2131,71.8,-0.2015,0.2007,0.2326,0.164,0.1974,-0.0326,0.065,муниципальный округ Андреапольский,городской округ Нелидовский,False
1697,control,1665,72.6,-0.6054,-0.4334,-0.2886,-0.2054,-1.3685,-0.013,0.0,Переволоцкий муниципальный район,городской округ город Оренбург,False
1031,control,1010,72.7,0.2659,0.3083,0.6506,0.0617,0.3456,-0.015,0.36,Новоаннинский муниципальный район,городской округ город Михайловка,False
1037,control,1007,72.8,-0.4186,-0.035,0.1882,-0.1825,-0.8524,-0.0155,0.0,Светлоярский муниципальный район,городской округ город-герой Волгоград,False
2041,control,2036,73.7,0.2895,0.3601,0.4325,0.1138,0.5132,-0.0077,0.65,Слободо-Туринский муниципальный район,городской округ Туринский,True
1288,control,1258,74.2,-0.8576,-0.3037,-0.0628,-0.322,-1.6301,-0.0324,0.0,Орловский муниципальный район,городской округ город Киров,False
736,control,731,74.4,-0.4103,0.2787,0.4384,-0.2018,-0.6001,-0.015,0.0,муниципальный округ Березовский,городской округ Лысьвенский,False
1557,control,1535,75.5,0.5194,0.0084,0.2067,0.181,0.4573,-0.0089,0.545,Ковернинский муниципальный округ,городской округ Сокольский,True
1935,control,2887,75.8,-0.7572,-0.471,-0.3643,-0.2193,-1.516,-0.0106,0.0,Новобурасский муниципальный район,городской округ город Саратов,False
1564,control,1550,76.8,-0.1459,0.2824,0.4227,0.2273,0.4335,-0.0109,0.445,Пильнинский муниципальный округ,городской округ Воротынский,False
1678,control,1676,77.5,-0.7226,-0.1834,-0.0016,0.1373,-0.4993,-0.0297,0.0,Адамовский муниципальный район,городской округ Ясненский,False
1548,control,1526,77.6,-0.3851,-0.219,-0.1037,-0.0269,-0.6821,-0.0157,0.0,Вознесенский муниципальный округ,городской округ город Выкса,False
1930,control,2887,77.7,-0.5426,0.1275,0.2092,-0.0315,-0.4618,-0.0071,0.0,Красноармейский муниципальный район,городской округ город Саратов,False
1021,control,1007,78.1,-0.3983,0.1392,0.3819,0.0037,-0.2983,-0.0108,0.0,Калачевский муниципальный район,городской округ город-герой Волгоград,False
2198,control,2201,78.2,0.2022,-0.4734,-0.1477,0.1608,-0.2023,-0.0169,0.005,Бердюжский муниципальный район,городской округ Голышмановский,False
1038,control,1010,78.4,-0.3322,-0.046,0.2813,0.0231,-0.3913,-0.0145,0.0,Серафимовичский муниципальный район,городской округ город Михайловка,False
1316,control,1305,78.7,0.1256,0.3671,0.4914,0.1337,0.4694,-0.0064,0.58,Красносельский муниципальный район,городской округ город Волгореченск,True
1685,control,1675,78.9,-0.3455,0.0795,0.1173,-0.0689,-0.473,-0.0204,0.0,Грачёвский муниципальный район,городской округ Сорочинский,False
1016,control,1010,79.2,-0.3832,0.1014,0.3242,-0.001,-0.3343,-0.0272,0.0,Даниловский муниципальный район,городской округ город Михайловка,False
1681,control,1666,79.4,0.2134,0.0177,0.2457,0.2074,0.3498,-0.0185,0.58,Асекеевский муниципальный район,городской округ Абдулинский,False
559,control,504,79.6,-0.4569,-0.4042,-0.1049,-0.1873,-1.2219,-0.0056,0.0,Тальменский муниципальный район,городской округ город Барнаул,False
2126,control,2105,79.7,0.2714,-0.0214,0.1601,0.0163,-0.047,-0.0107,0.0,муниципальный округ Кувшиновский,городской округ Осташковский,False
342,control,309,79.9,-0.1652,0.1889,0.8769,-0.1264,-0.391,-0.003,0.0,Хангаласский муниципальный район,городской округ город Якутск,False
2322,control,2619,81.0,0.1537,0.0054,0.3308,-0.046,-0.2163,-0.0067,0.0,Борисоглебский муниципальный район,городской округ город Переславль-Залесский,False
1703,control,1675,81.2,0.635,-0.0889,0.1198,-0.1688,-0.2875,-0.0123,0.0,Ташлинский муниципальный район,городской округ Сорочинский,False
329,control,309,83.5,0.3015,0.1509,0.9045,-0.1082,-0.1287,0.0084,0.0,Намский муниципальный район,городской округ город Якутск,False
30,control,28,83.6,-0.0341,-0.0413,-0.0719,-0.2857,-0.8568,-0.0079,0.0,Абзелиловский муниципальный район,городской округ город Сибай,False
2213,control,2191,83.9,-0.5158,0.1558,0.6284,0.0561,-0.2406,-0.0038,0.0,Юргинский муниципальный район,городской округ Заводоуковский,False
2111,control,2121,85.0,0.4112,-0.0009,0.0974,0.1129,0.2482,-0.0158,0.265,муниципальный округ Бежецкий,городской округ Кашинский,False
2234,control,2222,85.1,-0.199,-0.2663,0.4191,-0.1736,-0.9239,0.0022,0.0,Октябрьский муниципальный район,городской округ город Нягань,False
2205,control,2190,85.3,-0.9334,-0.4726,-0.1366,-0.1974,-1.5704,0.0028,0.0,Нижнетавдинский муниципальный район,городской округ город Тюмень,False
2043,control,2012,88.1,-0.1463,-0.1762,0.0635,0.1047,-0.2394,-0.0287,0.005,Таборинский муниципальный район,городской округ Тавдинский,False
1933,control,2887,90.3,-0.7614,-0.5854,-0.381,-0.2718,-1.7312,-0.0122,0.0,Лысогорский муниципальный район,городской округ город Саратов,False
1701,control,1676,91.2,0.4041,0.2026,0.1057,0.2782,0.7711,-0.026,0.98,Светлинский муниципальный район,городской округ Ясненский,True
718,control,678,92.1,0.6596,0.1896,0.349,0.09,0.514,-0.0094,0.665,Таймырский Долгано-Ненецкий муниципальный район,городской округ город Норильск,True
1568,control,3005,95.1,-0.0585,-0.0521,0.1625,-0.0681,-0.4324,-0.01,0.0,Сосновский муниципальный округ,городской округ город Арзамас,False
1682,control,1670,96.2,0.4767,-0.0217,0.1173,-0.0524,-0.0745,-0.0177,0.0,Беляевский муниципальный район,городской округ Кувандыкский,False
1700,control,1670,99.0,0.6272,-0.0484,0.1769,0.041,0.1771,-0.0073,0.145,Саракташский муниципальный район,городской округ Кувандыкский,False
1545,control,1532,100.7,0.1813,-0.2439,-0.2838,0.171,0.0174,-0.0105,0.035,Варнавинский муниципальный округ,городской округ Семеновский,False
2882,control,2879,101.2,1.135,0.0296,0.7671,-0.0596,0.3238,0.0034,0.23,муниципальный округ Пуровский район,городской округ город Губкинский,False
2127,control,2109,102.5,-0.6748,0.0762,-0.0363,0.1591,-0.1901,-0.0222,0.0,муниципальный округ Лесной,городской округ Удомельский,False
2116,control,2131,103.8,-0.4954,0.1546,0.3299,0.056,-0.2306,-0.0349,0.0,муниципальный округ Жарковский,городской округ Нелидовский,False
1702,control,1666,108.9,0.0944,-0.1213,0.0999,0.0545,-0.1584,-0.0177,0.0,Северный муниципальный район,городской округ Абдулинский,False
1923,control,2887,109.7,-0.7688,0.0068,0.1529,-0.2805,-1.2107,-0.0089,0.0,Воскресенский муниципальный район,городской округ город Саратов,False
1023,control,1010,111.7,-0.1968,-0.1798,0.0995,0.0093,-0.4672,-0.007,0.0,Киквидзенский муниципальный район,городской округ город Михайловка,False
1013,control,1010,113.0,-0.3849,-0.5637,-0.3365,-0.0927,-1.1334,-0.0069,0.0,Алексеевский муниципальный район,городской округ город Михайловка,False
2883,control,2121,114.2,0.0142,0.0721,0.1971,0.367,0.6173,-0.0148,0.895,муниципальный округ Кимрский,городской округ Кашинский,True
2196,control,2191,121.0,-0.4112,0.1449,0.4218,0.0347,-0.2364,-0.005,0.0,Армизонский муниципальный район,городской округ Заводоуковский,False
2231,control,2227,122.0,0.0047,-0.5439,-0.0619,-0.0522,-0.8152,-0.0035,0.0,Кондинский муниципальный район,городской округ город Урай,False
2134,control,2121,123.9,0.2209,0.2368,0.0819,0.0388,0.2079,-0.0047,0.1,муниципальный округ Рамешковский,городской округ Кашинский,False
1018,control,1010,125.3,0.015,-0.1453,0.2144,0.0008,-0.3352,-0.0135,0.0,Еланский муниципальный район,городской округ город Михайловка,False
339,control,309,126.4,0.0812,0.1039,0.8942,-0.2501,-0.5864,-0.0107,0.0,Усть-Алданский муниципальный район,городской округ город Якутск,False
1687,control,1665,127.2,-0.4717,0.1434,0.2578,-0.1588,-0.6699,-0.0109,0.0,Илекский муниципальный район,городской округ город Оренбург,False
685,control,670,130.5,0.4178,-0.0701,0.1027,0.1165,0.1959,-0.0124,0.195,Балахтинский муниципальный район,городской округ город Дивногорск,False
2336,control,2619,131.6,1.4039,0.3358,0.599,0.0982,1.0786,-0.0102,1.0,Угличский муниципальный район,городской округ город Переславль-Залесский,True
803,control,785,145.9,-0.5211,0.2369,0.4799,-0.1142,-0.5197,-0.016,0.0,Хасанский муниципальный округ,городской округ Уссурийский,False
456,control,451,148.2,-0.148,-0.5059,-0.3193,-0.0551,-0.8712,-0.0135,0.0,Боградский муниципальный район,городской округ город Сорск,False
770,control,2621,161.1,-0.8093,-1.06,-0.6409,-0.2207,-2.0876,-0.025,0.0,муниципальный округ Косинский,городской округ город Березники,False
1688,control,1673,162.6,-0.3031,0.0326,0.1652,-0.1907,-0.7431,-0.0311,0.0,Кваркенский муниципальный район,городской округ город Орск,False
774,control,743,165.4,0.307,-0.2353,0.182,0.135,0.0211,-0.0167,0.02,муниципальный округ Юсьвинский,городской округ Ильинский,False
215,control,207,166.8,-0.4621,-0.1765,0.1621,0.1,-0.4249,-0.0263,0.0,Муезерский муниципальный район,городской округ Костомукшский,False
801,control,779,171.4,0.8215,0.4463,0.1905,0.1106,0.8815,-0.015,0.975,Тернейский муниципальный округ,городской округ Дальнегорский,True
321,control,309,183.6,-0.1671,0.0717,0.7146,-0.2633,-0.7811,-0.0057,0.0,Горный муниципальный район,городской округ город Якутск,False
806,control,779,195.5,0.1683,-0.2761,-0.0153,0.0733,-0.2206,-0.0155,0.005,Чугуевский муниципальный округ,городской округ Дальнегорский,False
2885,control,2621,196.3,0.4113,-0.8937,-0.4497,0.0016,-0.7986,0.0012,0.0,муниципальный округ Кудымкарский,городской округ город Березники,False
2249,control,2238,196.6,0.1867,0.0208,0.7743,0.0051,-0.0785,0.0045,0.0,муниципальный округ Шурышкарский район,городской округ город Салехард,False
231,control,229,205.7,-0.1217,0.1344,0.4753,0.0008,-0.1547,-0.0176,0.0,Княжпогостский муниципальный район,городской округ Ухта,False
460,control,451,222.8,-0.502,-0.2512,-0.1064,0.0572,-0.6037,-0.0098,0.0,Ширинский муниципальный район,городской округ город Сорск,False
234,control,227,229.5,0.4677,0.4117,0.8349,0.0445,0.5169,-0.0148,0.88,муниципальный район Печора,городской округ Инта,True
1250,control,1231,232.6,0.1167,0.4897,0.8782,0.1861,0.6847,,0.955,Таштагольский муниципальный район,городской округ Междуреченский,True
2150,control,2145,236.7,-0.9802,0.2131,0.4128,0.0219,-0.5169,-0.0033,0.0,Бакчарский муниципальный район,городской округ город Кедровый,False
2245,control,2242,239.9,0.2374,0.2818,0.8803,0.016,0.2113,-0.0134,0.075,муниципальный округ Надымский район,городской округ город Новый Уренгой,False
230,control,229,240.1,-0.5264,-0.3161,-0.2851,-0.01,-0.815,-0.0066,0.0,Ижемский муниципальный район,городской округ Ухта,False
1172,control,1143,240.1,-0.2181,0.0957,0.6067,-0.0544,-0.3575,0.0035,0.0,Боханский муниципальный район,городской округ город Свирск,False
242,control,229,291.1,-0.4791,-0.268,0.1179,-0.1293,-0.9901,-0.018,0.0,Усть-Куломский муниципальный район,городской округ Ухта,False
1030,control,1009,328.4,-0.6575,-0.0785,0.2566,-0.194,-1.0488,-0.0096,0.0,Николаевский муниципальный район,городской округ город Камышин,False
791,control,779,359.8,0.5036,-0.2068,-0.2656,0.004,-0.1131,-0.0182,0.0,Красноармейский муниципальный округ,городской округ Дальнегорский,False
769,control,765,366.9,-0.174,0.137,0.4833,0.1014,0.0255,-0.0166,0.005,муниципальный округ Гайнский,городской округ Чердынский,False
2158,control,2145,458.4,-0.6031,-0.3103,-0.0422,-0.0744,-0.9848,-0.0056,0.0,Парабельский муниципальный район,городской округ город Кедровый,False
228,control,227,459.3,0.4049,0.4533,0.7903,0.007,0.4431,-0.0061,0.325,муниципальный округ Усинск,городской округ Инта,False
209,control,207,466.7,-0.0304,-0.1637,0.2152,0.1299,-0.1114,-0.0086,0.0,Калевальский муниципальный район,городской округ Костомукшский,False
