group,unit,partner,d_city,d_peer,closer,ratio,road_km
ring,73,29,0.549211328235678,2.438778573721621,True,0.22519934124137042,0.0
ring,76,21,1.1327736490163152,2.5410073722411526,True,0.4457970729999165,0.0
ring,218,206,1.7487246859027583,2.595214364543413,True,0.6738266826025444,0.0
ring,272,270,2.8387989868526997,1.9097920488610942,False,1.4864440285766294,0.0
ring,273,271,2.8879709176667734,2.7426947564155864,False,1.052968403031859,0.0
ring,517,507,1.38785491391318,2.6990209922960253,True,0.5142067875257792,0.0
ring,545,509,1.8735950478196244,2.0969057375218747,True,0.8935046598870204,0.0
ring,593,574,2.059046287177054,2.0735772177607115,True,0.9929923368856504,0.0
ring,605,604,1.1679011268584165,3.132289998529214,True,0.37285855632997317,0.0
ring,694,671,1.5286920577755339,2.9448938045492072,True,0.519099213497629,0.0
ring,757,727,1.3698244302626787,3.4161332429856737,True,0.40098682716060075,0.0
ring,788,780,3.0853900958130955,3.8147207425058225,True,0.8088115235891048,0.0
ring,800,784,1.6026155276470497,1.8558521945198656,True,0.8635469636964641,0.0
ring,860,842,1.4098693289855295,3.4222692598776474,True,0.4119691415034757,0.0
ring,903,892,2.6462090494562047,2.3979409765096746,False,1.1035338548273599,0.0
ring,912,890,1.9825516172851476,3.2919486834810088,True,0.6022425644827294,0.0
ring,994,987,3.401376916596205,3.097321697728668,False,1.0981671419828645,0.0
ring,1113,1108,0.942786003674628,1.6276536296254873,True,0.5792301178301411,0.0
ring,1117,1107,1.1653020835791834,4.861950824840302,True,0.23967788354121403,0.0
ring,1119,1109,2.2903338218714135,2.1290429174230425,False,1.0757574697665535,0.0
ring,1129,1111,1.927251550038213,2.5057059985611603,True,0.7691451236277878,0.0
ring,1131,1112,1.1152168866535235,3.303200892684462,True,0.3376170335638301,0.0
ring,1146,1136,2.855906470122221,2.9076879793407606,True,0.9821915179391842,0.0
ring,1150,1134,1.240958460090892,3.1944162591253447,True,0.38847738034950896,0.0
ring,1164,1141,3.0520490189606275,3.0181801768208385,False,1.0112216104260099,0.0
ring,1167,1142,1.617973532596835,1.8502836634399173,True,0.8744462076635386,0.0
ring,1243,1224,0.8409668752846788,2.174994891023841,True,0.3866523451412837,0.0
ring,1270,1259,2.3260461294428043,3.3212589952285363,True,0.7003507202493098,0.0
ring,1275,1260,2.2976166399680187,3.4359005730905556,True,0.6687087100140785,0.0
ring,1276,1261,2.010593799106769,2.4909164479224533,True,0.8071703090578181,0.0
ring,1293,1262,1.1339389970132705,2.2766445022424864,True,0.49807468662601684,0.0
ring,1310,1304,1.49805571228225,3.3354482280353555,True,0.4491317537747046,0.0
ring,1312,1306,1.6506622322958684,3.296011265828528,True,0.5008060043389859,0.0
ring,1315,1303,1.407372733329226,4.418814269625447,True,0.31849556180792354,0.0
ring,1402,2422,0.5375692579432254,2.3886524102444184,True,0.22505126976101925,0.0
ring,1586,1575,0.7737277347060724,3.1790802366424997,True,0.24338100240062646,0.0
ring,1608,1599,1.9746918112978726,2.2516008677487984,True,0.8770168103870977,0.0
ring,1620,1597,0.7450953359841938,3.2526877563987258,True,0.2290706614916951,0.0
ring,1683,1667,0.8400447957696849,2.8688060238777187,True,0.29282035410474005,0.0
ring,1726,1707,1.0898263541603506,4.31798934842226,True,0.2523920895169785,0.0
ring,1783,1764,0.703296178614533,3.7027039289863977,True,0.18994124080751384,0.0
ring,1852,1846,1.6782359216140044,2.1444969755553513,True,0.7825778915726374,0.0
ring,1890,1874,1.2854295385106935,4.212002265078652,True,0.30518253733339107,0.0
ring,1894,1876,2.725387834834434,1.6073800400862335,False,1.6955466453896124,0.0
ring,1902,1880,2.0187199797001614,1.532471840341553,False,1.317296622723087,0.0
ring,1906,1881,0.8514769207307455,3.402671785635128,True,0.2502377467980834,0.0
ring,2015,1972,1.4142195087138427,1.0918545485419924,False,1.2952453333663538,0.0
ring,2023,1985,1.9090093368789904,1.67077829535395,False,1.1425868663649188,0.0
ring,2024,1986,1.2646188430727028,2.3882287531289386,True,0.5295216555013258,0.0
ring,2025,1995,1.9036908840470947,2.793256617493327,True,0.6815309671602855,0.0
ring,2040,1987,1.881436133429758,3.1446731033771904,True,0.5982930726278698,0.0
ring,2063,2044,0.9843310977897599,3.69927364852094,True,0.2660876678272556,0.0
ring,2119,2101,1.3183080605834807,3.78103185183301,True,0.3486635691641627,0.0
ring,2161,2144,0.5224983790345834,4.355139877654517,True,0.11997281228909175,0.0
ring,2203,2192,1.0526159596315254,2.044497808413258,True,0.5148530633292605,0.0
ring,2210,2190,0.9567530192006415,3.766818422057997,True,0.2539949931215215,0.0
ring,2232,2220,1.6347075303727336,1.5565223659449803,False,1.0502306720021246,0.0
ring,2233,2221,2.6458159250091158,1.8455151709154458,False,1.433646261329128,0.0
ring,2236,2226,2.0673562039164324,1.7154135111810447,False,1.2051649298792562,0.0
ring,2237,2216,2.245104581235589,3.3543678490575166,True,0.6693078047079424,0.0
ring,2316,2288,2.618633218338002,2.1375436091161157,False,1.2250665704176296,0.0
ring,2334,2320,1.5974105691541396,3.1261566088023103,True,0.510982260023799,0.0
ring,2337,2318,0.8604435371925856,4.165957344758571,True,0.2065416100035587,0.0
ring,3007,1236,1.5676937596386602,1.3889799584566158,False,1.1286655002428003,0.0
control,2339,2338,2.1689678295946964,1.9604915626954027,False,1.1063387728191332,0.0
control,1149,1137,1.3923496648791627,2.129828257063453,True,0.6537379998887305,0.0
control,1863,1845,1.3539699789191249,3.8140095392906153,True,0.3549991065756369,0.0
control,2881,812,0.969100445865926,2.6571278951515738,True,0.3647172752332437,3.9
control,2314,2289,2.342015090012702,1.6335935003593396,False,1.4336584281815101,6.9
control,278,269,0.8095080920749872,3.6653243435533023,True,0.22085578688248358,7.2
control,62,25,1.9531633384119325,1.4913040654100973,False,1.309701611974636,7.3
control,459,452,1.5573064969356347,1.8658615790520126,True,0.8346313115718127,7.4
control,237,224,1.5480802910162808,2.284815699346769,True,0.6775514941791053,7.6
control,440,422,1.2238753379892562,2.3263625526599285,True,0.5260896830504322,8.2
control,1240,1226,1.893991438938784,2.0198100697352213,True,0.9377076920836764,9.1
control,12,10,0.7432667568073855,2.092702430586445,True,0.35517078106470085,9.2
control,1952,2887,0.4618565986023256,3.527208276341781,True,0.13094111898641178,9.4
control,2186,2169,1.1848768437970938,1.9991655917176125,True,0.5926856928240194,10.6
control,1186,1176,1.112732399619404,3.6525808885361535,True,0.3046427809748943,10.8
control,1191,1181,1.2708183844532572,1.974947025698666,True,0.6434696059777537,12.0
control,498,478,1.5275673587572813,2.551828005526993,True,0.5986168955935627,12.0
control,1519,1506,2.4100061664738694,1.52929507418686,False,1.5758934996604834,12.4
control,511,512,2.09557527950802,2.69449167267089,True,0.7777256470163073,12.8
control,1039,1008,1.2221864542011303,2.5090583243669844,True,0.4871096228938713,12.9
control,1015,1007,2.770388870323031,2.1319226564034404,False,1.2994790697504406,13.2
control,1163,1140,1.9880131769537346,1.9477748534899677,False,1.0206586112309999,13.3
control,2235,2228,1.0633030202576799,1.7381280425919,True,0.6117518354240924,13.6
control,6,1,1.5953075637902348,2.0962767855362143,True,0.7610195250920384,13.7
control,928,918,1.4592342706457349,3.7337388421357236,True,0.3908238718193378,13.7
control,1206,2646,3.07860575609698,1.8203931010815717,False,1.691176347717343,13.8
control,2179,2167,1.992850108257818,1.7150766564873157,False,1.161959788047851,14.3
control,1196,1181,2.056550000550315,2.000254289681545,False,1.0281442770347629,14.8
control,714,669,1.3039831472917698,2.4763045278610996,True,0.5265843245935835,14.9
control,734,745,1.2799921973681685,2.5582985723570486,True,0.5003294811632825,15.8
control,1652,1632,1.635272170323277,3.4704659383497423,True,0.4711967209512142,16.0
control,841,809,1.088185547392171,2.9365787045931167,True,0.37056236418596067,16.1
control,57,27,1.172709046182836,2.3850086458322113,True,0.4917001237006575,16.4
control,204,194,1.4810039755854618,2.7089588931714013,True,0.5467059612158374,16.6
control,2272,2251,3.0844833858954357,2.5307771269971817,False,1.2187890245219806,16.7
control,1212,2646,1.7498015804172131,2.255586192460292,True,0.7757635626012626,16.8
control,793,785,4.295886588697192,2.5618982859069246,False,1.6768372937867932,17.6
control,236,229,1.720005209760729,2.6643460744902443,True,0.6455637374697312,17.9
control,686,679,1.1096261374049203,3.4850461262105594,True,0.318396399135028,18.0
control,430,418,1.0529651568530458,3.4345049073031735,True,0.30658426331376254,18.6
control,8,2,3.550040767366582,2.5007766345252866,False,1.4195753104676914,18.8
control,1116,1109,2.184827061196704,2.6287504567487705,True,0.8311276011717333,19.3
control,1549,1527,2.983885122416637,3.656346749441062,True,0.81608373792031,19.7
control,1922,1912,0.9547995909340491,2.2846381448431767,True,0.4179215833759919,19.8
control,819,813,0.7303922112472702,2.8419243428249388,True,0.2570062123896104,20.0
control,794,777,1.019976356125443,2.1229335163492116,True,0.4804560991996991,20.2
control,1861,1845,2.9161404454033635,3.323584506725943,True,0.8774082438710271,20.4
control,371,354,2.170563512084529,2.4283270395507373,True,0.893851395109492,20.6
control,75,26,0.5859167408530116,1.995535133881147,True,0.2936138436778375,20.7
control,2647,2646,1.5098481349877826,2.6341388741718994,True,0.573184713149354,20.7
control,326,309,2.846564897120232,3.7772441104247036,True,0.7536089312480712,21.0
control,1188,1179,3.0050729878455393,3.457998240993299,True,0.869020970635989,21.3
control,797,782,2.712060615053314,1.754715921525555,False,1.5455838644784399,22.0
control,2188,2164,1.3330113779242359,2.223328228477082,True,0.5995567189992957,22.3
control,453,448,1.8725267745414003,1.6627509820910458,False,1.1261618815503835,22.3
control,2312,2275,1.1120295622998742,3.869251467305506,True,0.2874017291707009,22.3
control,1543,1530,0.9499901681696241,1.6954209439014942,True,0.5603270217858177,22.8
control,832,820,2.0144699925410494,1.3521188878709975,False,1.4898615873290317,23.4
control,1895,1879,1.806682492066002,1.4240093985102895,False,1.2687293313906787,23.6
control,693,666,1.37431955612435,3.763029961183033,True,0.36521621414151245,24.0
control,1192,1187,2.292928190346163,2.2349274641538117,False,1.025951950174057,24.7
control,1544,1530,1.3015705601463958,2.0699119383143265,True,0.6288047989164,25.4
control,2886,745,1.2735825536632168,2.623217446590772,True,0.4855039963684332,26.3
control,1569,1550,1.792856266625327,2.31809485396855,True,0.7734179917426498,26.4
control,737,756,1.5480981455150153,1.5110913030269917,False,1.024490143258645,26.9
control,542,507,5.0255900422938256,3.307403617677714,False,1.5194970506268395,27.1
control,2120,2121,1.693300240057433,1.5583240342182392,False,1.086616263931851,27.3
control,1560,1523,0.7146918150173233,3.359450056082876,True,0.21274071740499545,27.4
control,1193,1187,1.4558860306258543,1.886574149618934,True,0.7717088834912353,27.7
control,1197,1187,1.0538537504206622,1.8896016729603442,True,0.5577121175859473,27.9
control,66,23,1.073536348977613,2.1841668394831784,True,0.49150840016948305,28.5
control,612,608,0.8455807795333266,3.2580004912119165,True,0.2595397949798301,29.5
control,2304,2279,3.189909888827148,1.7114030630733452,False,1.863915028350302,29.8
control,1571,1533,2.194302151231266,2.4445614193961487,True,0.897626107415742,30.1
control,2301,2287,0.8346788840328905,1.784153633445633,True,0.46782904139310205,30.3
control,1691,1666,1.4104965864473022,2.4132037274180687,True,0.5844913010955849,30.3
control,697,674,2.2866887592201923,2.791512497751267,True,0.8191576290854006,30.3
control,3012,3011,2.613906949313487,1.6335935003593396,False,1.6000963206198537,31.1
control,2300,2280,1.9259515091519543,1.529203211740384,False,1.2594477270028956,31.2
control,1241,1226,1.2114358359907877,1.8457234081719407,True,0.6563474411318377,31.4
control,458,449,2.809895438712015,2.44986390782942,False,1.1469598085558896,31.7
control,1256,1225,1.2687696139233595,1.4016816222574326,True,0.9051767489681316,32.0
control,552,507,3.4898732922886415,2.226731807499607,False,1.5672625147468537,32.0
control,1413,1410,2.1460662006260063,2.1290132713417984,False,1.008009780640522,32.1
control,1003,986,3.5862040620894713,1.8334287677438548,False,1.9560094862602777,32.6
control,1542,1530,2.390182140491386,2.995114272224636,True,0.7980270277688156,32.7
control,795,785,4.377454215338358,2.197165603897364,False,1.9923187435546807,33.2
control,2274,2251,2.5759534257036836,2.326532629883772,False,1.107207091194922,33.4
control,1574,3005,4.108295479537029,3.1051072180199624,False,1.3230768508395567,33.7
control,807,778,1.6021325358556735,1.807312273134825,True,0.8864724484367815,33.9
control,2122,2121,2.051969581755834,2.6422723185386108,True,0.7765927710625747,34.1
control,373,355,0.7234661690645813,2.574127826143136,True,0.2810529305176597,34.2
control,746,760,1.0718508504394382,1.5005042813717462,True,0.7143270857311801,35.0
control,749,766,2.2670839029631216,1.6057060957362868,False,1.4118921943330882,35.0
control,1899,1874,2.867422228371418,1.9303663077894104,False,1.4854290694987793,35.1
control,196,194,1.5378550524094696,2.2044570280958458,True,0.6976117169940164,35.3
control,1005,986,1.9043585046230818,2.17318222569173,True,0.8762995031477028,35.3
control,444,419,2.6571776766647277,1.4619737520170204,False,1.8175276218186116,35.5
control,2310,2289,1.489491428287855,1.3118681768575096,False,1.135397179811031,35.6
control,1539,1527,1.7537666169566857,2.612443329685053,True,0.6713127886942962,35.7
control,744,738,0.6554008132549823,1.7038222060454025,True,0.38466502603941155,35.8
control,3,1,3.980882881050159,3.9323888986403075,False,1.012331939607148,36.1
control,787,776,2.7919026460860095,1.8321731634480765,False,1.5238202926364015,36.4
control,2178,2168,3.211264428083773,2.293941007825386,False,1.39988971692345,36.5
control,2180,2169,2.9487748964992893,1.6958627994638404,False,1.7388051070119388,36.6
control,35,28,1.6269185622460431,2.12413323904663,True,0.765921144841295,36.9
control,1257,1237,2.0184865547553903,1.8670516251259954,False,1.0811091282059089,37.1
control,2212,2191,1.2758972176851138,1.4734544410300174,True,0.865922408020433,37.4
control,1337,1333,4.509312325035425,2.766043213123618,False,1.630239290420622,37.7
control,2060,2045,1.42211338631312,2.3048217156574164,True,0.6170166554107995,38.0
control,1704,1675,2.2804365553287544,3.185365011321833,True,0.7159105933616193,38.3
control,857,843,4.778799712326094,3.6728914645386554,False,1.301100170932045,38.3
control,1221,1198,1.984160058054727,2.2896191501706227,True,0.8665895626820151,38.4
control,55,21,2.4083796601076424,2.0090676954042452,False,1.1987548580950387,38.8
control,1699,1665,4.08033492963631,2.4014434605084958,False,1.6991176335137683,39.2
control,1004,986,3.4697683596174915,1.8693657469248195,False,1.8561206469763327,39.6
control,455,450,2.203383663567661,1.6716219535646881,False,1.3181112265659143,39.9
control,2303,2279,2.1733283298371315,1.7860053805528313,False,1.2168654996797434,39.9
control,388,354,2.2765505908494683,2.4565288124156526,True,0.9267347402332314,40.3
control,2133,2105,2.4702170221168966,1.4238438216790397,False,1.734893240751603,40.4
control,446,418,3.277708022444537,1.507340530836964,False,2.1744973716221647,40.9
control,923,918,4.574652066880046,2.2112849654152202,False,2.0687754579026176,41.2
control,1321,1305,1.1744661482309164,4.394191311349928,True,0.26727697203290673,41.2
control,2177,2165,1.188779309487551,2.2092617470921683,True,0.5380889390097046,41.5
control,735,754,1.3661745667768816,1.9118166410078556,True,0.7145949760415691,41.6
control,758,738,1.4465344810961096,1.4819358638144358,True,0.9761113934936397,41.8
control,375,354,1.3978477108819205,2.5199066478560397,True,0.5547220219730055,41.9
control,1540,1527,1.2509347684193308,2.6104802300326053,True,0.4791971814334355,41.9
control,753,760,1.9309388887904164,2.1907722347773717,True,0.8813964583527965,42.0
control,2292,2280,2.1254055638054368,1.4279980205896823,False,1.488381309469718,43.1
control,2298,2279,3.0475424480339246,1.3732494726639657,False,2.219219820359369,43.3
control,927,918,1.171462206850695,3.4115368914413007,True,0.343382541103279,43.4
control,1885,1883,1.586486661438975,2.6238726646593054,True,0.6046355384570352,43.5
control,1554,1530,1.0243661208939578,2.1766040842996577,True,0.47062583787421175,43.5
control,1200,1198,3.3940960466185373,1.876889340439722,False,1.808362365052039,44.2
control,2189,2164,2.6438650923328004,1.7212284900928432,False,1.536033773290721,44.4
control,1692,1673,3.357165609457721,2.5453379251412684,False,1.3189469171451549,44.5
control,1017,1008,3.6156524348722052,2.027424225082463,False,1.7833724141898044,44.6
control,2308,2276,2.307018508102205,2.111128005512548,False,1.0927894955105282,44.9
control,2139,2710,2.245816108962415,1.40908003482269,False,1.5938172803967199,45.0
control,1570,1533,1.1979994815735382,1.763262817996093,True,0.6794219610069454,45.2
control,1948,2887,3.0898012959384125,1.9117702487534505,False,1.616199068875083,45.3
control,1203,1198,3.3092544288313515,1.723708918201129,False,1.9198452789145546,45.5
control,515,506,2.339649994590945,3.1736064059518285,True,0.7372212225823374,45.9
control,790,781,2.1574506002561638,2.325284541098766,True,0.9278221921333998,46.1
control,1287,1258,4.379425830505532,2.13549047632433,False,2.0507821875391974,46.3
control,1898,1883,3.6275784553068204,2.086464276985393,False,1.738624761190779,46.4
control,995,986,3.881641773256294,1.746346687797359,False,2.2227211815267625,46.8
control,233,224,3.9130871222735206,1.989228180560476,False,1.9671383909165145,46.8
control,44,21,1.8302939957271558,2.155317539521399,True,0.8491992303526577,47.2
control,2137,2105,2.2156239537045024,1.4310965710679426,False,1.5482001693646106,47.5
control,808,776,2.900229253639515,2.2306081704559904,False,1.300196642356348,47.6
control,2176,2164,4.124670834686729,2.027909775206486,False,2.033951847915298,49.6
control,1553,1536,2.1517391987279995,2.4445614193961487,True,0.8802148236715273,50.1
control,83,25,1.2777614234587646,1.528804308602587,True,0.8357913542425258,50.2
control,2267,2253,2.250576874864027,1.9494366492017696,False,1.1544755125977366,50.2
control,2042,2027,2.063529799697541,1.012353785953426,False,2.0383484788908324,50.6
control,1189,1187,1.782661787758561,1.688991955293924,False,1.055459016350576,51.1
control,60,21,2.8580481577404475,1.528450520126278,False,1.8698990383439567,51.7
control,2174,2164,3.283477979950097,1.7136577356031952,False,1.9160640492743064,51.7
control,2112,2131,2.1861158446110664,1.4602334315541845,False,1.4971002562818305,52.1
control,432,422,2.923327677072053,2.27392498930511,False,1.2855866797811104,52.1
control,370,354,3.0465388193649066,2.749260405782098,False,1.10813032223415,52.1
control,1679,1674,1.3322920952924402,2.098467883659084,True,0.6348880083736768,52.3
control,2117,2131,2.474189566356006,1.697552791200688,False,1.4575037543344962,52.5
control,2809,760,2.809819105805435,2.882767572126717,True,0.9746949885843674,53.5
control,1537,3005,2.5235927728986747,1.7322104268280627,False,1.4568627077945442,53.8
control,2113,2710,1.1298340900720978,1.4551964076798178,True,0.7764134683877612,54.3
control,2132,2131,2.817989749766657,2.22530013917952,False,1.2663414252091247,54.5
control,1546,1529,1.6212647784916256,2.6583682122796826,True,0.6098721655647962,54.8
control,742,754,1.9784838780280551,2.424986427227872,True,0.8158742068877322,54.8
control,1572,1533,2.102714561782352,2.422915095920142,True,0.8678449217321051,55.0
control,2206,2201,1.1062087398153324,1.4215339364379265,True,0.7781796209433208,55.3
control,1169,1135,0.987122737459305,2.7160219449979,True,0.36344431578591985,55.3
control,528,504,4.477676111846372,2.4157703791594685,False,1.8535189231868605,55.6
control,2039,2034,1.3395404171213918,1.012353785953426,False,1.32319396213827,56.2
control,1686,1676,2.4956032340010275,2.391146530470617,False,1.0436847772394156,56.5
control,1555,1534,1.8444100314189724,2.2092997886599544,True,0.8348391833856532,56.5
control,379,354,1.4992810098058107,2.978646243645616,True,0.503343091850617,56.5
control,1693,1675,2.1879943983401375,1.8345215725198696,False,1.1926784787462288,56.6
control,2311,3011,0.838947756962049,2.1058726055643846,True,0.3983848570636621,56.7
control,1027,1010,2.8761652109246176,2.228757952842561,False,1.2904789446769453,57.5
control,2197,2201,1.402029924905891,1.6326541378319137,True,0.8587427627309476,57.6
control,1562,1550,1.6955347119191881,2.18531701514414,True,0.7758758569897253,57.8
control,543,504,2.807896748475612,1.988955588267443,False,1.4117443169867556,57.8
control,2148,2146,0.9404299117967672,2.959024778067252,True,0.3178175183821977,58.4
control,1561,1534,2.486794378585219,2.331506530539977,False,1.066604080242176,58.7
control,2181,2168,3.068503570584585,2.5153910192995426,False,1.2198912801394461,59.3
control,2175,2168,2.3070396985135244,2.088531032072927,False,1.1046231361109924,59.8
control,2872,2238,2.8783624025568915,1.8531236113280731,False,1.5532490034456272,61.4
control,1698,1666,1.4178792951092896,1.5252915126844397,True,0.9295792203117227,61.9
control,1558,1532,1.370669801067956,2.525310386280773,True,0.5427728046874474,64.7
control,1689,1675,2.0869071598126983,1.9279164664052537,False,1.0824676256351993,65.3
control,1301,1258,4.584925230732348,1.9793797811461236,False,2.316344379388139,65.8
control,2333,2619,0.7468693900111872,2.8686476250608317,True,0.2603559194536308,66.3
control,761,766,3.2680786753567044,2.224891781286275,False,1.468870847042876,66.4
control,2143,2710,2.598511094688223,1.7988127919681656,False,1.44457005547813,67.0
control,1547,1533,1.8637347208084059,1.8898673000358723,True,0.9861722676364788,67.2
control,1551,1532,1.7031946409597298,2.180270365846805,True,0.781185062017856,67.3
control,789,779,1.6208042535056086,1.9190343565394583,True,0.8445936613810084,68.1
control,764,755,1.3111657760428959,2.1394587914503154,True,0.6128492781831386,71.0
control,2129,2109,2.4829370149836767,1.484763716793684,False,1.6722775394495273,71.3
control,2110,2131,2.0372843674173073,1.6655691743813903,False,1.2231760762347057,71.8
control,1697,1665,3.495919198123373,1.908271690573651,False,1.8319819003720874,72.6
control,1031,1010,1.3485383804391498,1.7593299803890297,True,0.7665067926262223,72.7
control,1037,1007,2.5399721138580134,1.6712609788850834,False,1.5197938239139985,72.8
control,2041,2036,0.715622797679181,0.9558598608225508,True,0.7486691585347696,73.7
control,1288,1258,5.06078610515764,2.146646034521326,False,2.357531714019228,74.2
control,736,731,3.549762361392081,2.354983036125153,False,1.5073409476582884,74.4
control,1557,1535,1.1649349353890537,1.9583706982756623,True,0.5948490428368717,75.5
control,1935,2887,4.893204995372539,2.2946907618576997,False,2.132402795490916,75.8
control,1564,1550,2.0037546091178893,1.7316987208021455,False,1.1571034759381955,76.8
control,1678,1676,4.459165917180362,2.164798347909967,False,2.059852790208161,77.5
control,1548,1526,2.8571077611931113,1.9438328860267262,False,1.4698319910787991,77.6
control,1930,2887,3.0690103125951915,1.7838015464669534,False,1.7204886489047833,77.7
control,1021,1007,2.2272418967907206,1.495533764696466,False,1.4892621947875329,78.1
control,2198,2201,1.0601135483777153,1.2976964364042407,True,0.8169195188014551,78.2
control,1038,1010,1.9109788558789713,1.3708905783421785,False,1.3939689177745485,78.4
control,1316,1305,2.9534828258896737,3.348662161069563,True,0.881988891034123,78.7
control,1685,1675,3.594504439255344,2.5444715852020554,False,1.4126722656916233,78.9
control,1016,1010,2.2999683842146927,1.5677759218112213,False,1.467026219893455,79.2
control,1681,1666,1.5889814452496627,1.9670142328268296,True,0.8078139032914421,79.4
control,559,504,2.9771540275223507,1.8852146935913627,False,1.5792121913981196,79.6
control,2126,2105,1.320615287020764,1.7323357910466217,True,0.7623321609160373,79.7
control,342,309,3.3338021820139034,2.826011519700757,False,1.1796845691439064,79.9
control,2322,2619,1.9695614420695353,2.2966865321553467,True,0.857566504829539,81.0
control,1703,1675,1.068500214445786,2.0162261409856703,True,0.5299505808031184,81.2
control,329,309,2.372829549990395,3.2078546970878428,True,0.7396935877876573,83.5
control,30,28,2.639091687567129,2.550515181595623,False,1.034728868352037,83.6
control,2213,2191,2.5550414901848346,1.5253794686656683,False,1.675020244254282,83.9
control,2111,2121,1.2993155181128253,1.9601060004265296,True,0.6628802308804153,85.0
control,2234,2222,2.1264188705547995,1.7426552108780984,False,1.220217778755746,85.1
control,2205,2190,4.604984769644472,1.8108210453675913,False,2.543036917659455,85.3
control,2043,2012,2.3451894438238936,2.0260421269363467,False,1.1575225473569701,88.1
control,1933,2887,5.2713444639061295,2.4617786768375676,False,2.141274726888839,90.3
control,1701,1676,2.3137139794084787,3.465719507176186,True,0.667599895091815,91.2
control,718,678,3.0802774767252195,5.957325130498157,True,0.5170571370959643,92.1
control,1568,3005,1.8143903602645777,1.7113097973565568,False,1.0602348932187782,95.1
control,1682,1670,2.226053904243999,3.5857305845837053,True,0.6208090239167923,96.2
control,1700,1670,1.0931417247760524,2.0467876484768324,True,0.534076764431103,99.0
control,1545,1532,2.2843275284650497,2.7383169537352483,True,0.8342085912841731,100.7
control,2882,2879,0.7183544498486675,2.2349786869291086,True,0.32141445198105956,101.2
control,2127,2109,4.291478705763123,2.1853621233397167,False,1.9637380276385474,102.5
control,2116,2131,3.6033461423335176,2.195723250459153,False,1.6410748219658433,103.8
control,1702,1666,1.7888563093244296,1.96590689193472,True,0.9099394872988881,108.9
control,1923,2887,5.722057471947527,2.6526003350490264,False,2.1571502485095513,109.7
control,1023,1010,3.31612390172718,2.723710856899486,False,1.2175021784441769,111.7
control,1013,1010,2.827149369886954,1.923967573104847,False,1.4694371201509269,113.0
control,2883,2121,2.490278060387013,2.525821921639497,True,0.9859278039564198,114.2
control,2196,2191,2.2274914407368995,1.4765635714477232,False,1.5085645371522445,121.0
control,2231,2227,1.5140054448503064,1.5211354795003005,True,0.9953126892731893,122.0
control,2134,2121,1.738397244189915,2.168185191866236,True,0.8017752591943555,123.9
control,1018,1010,1.5945920885582439,1.6186655728359078,True,0.9851275737980346,125.3
control,339,309,2.941680048981387,3.1904028342272106,True,0.9220403196181117,126.4
control,1687,1665,3.585554634761047,2.2371100664852768,False,1.6027618347783448,127.2
control,685,670,2.167700824428411,3.2918651348003425,True,0.6585023187955985,130.5
control,2336,2619,0.7858846975970435,3.199354129155883,True,0.24563854636635402,131.6
control,803,785,3.0526023097751223,1.8127986930332025,False,1.6839168747785564,145.9
control,456,451,3.0678597525225593,2.6459206982339802,False,1.1594677627981074,148.2
control,770,2621,3.474532604392213,1.5466914359242878,False,2.2464290702662786,161.1
control,1688,1673,3.6904247419597116,2.7255881061437033,False,1.3539920920703998,162.6
control,774,743,1.3694494288582368,1.8614727486510083,True,0.73568062162106,165.4
control,215,207,2.421012477490753,1.5251295060926782,False,1.5874143591210768,166.8
control,801,779,0.7581886973992877,1.724056535799475,True,0.4397702057071478,171.4
control,321,309,3.6727425361817256,3.107708139069658,False,1.1818170728481663,183.6
control,806,779,1.3168817057673188,1.5581887199459334,True,0.8451362077714261,195.5
control,2885,2621,1.7668888674318415,2.6658107024995417,True,0.6627960739204607,196.3
control,2249,2238,2.610445954404197,3.146202379712432,True,0.8297132985586249,196.6
control,231,229,2.1570875035048354,1.9099805704830433,False,1.1293766736900877,205.7
control,460,451,3.0316752134712814,1.8351592960160037,False,1.6519956714672268,222.8
control,234,227,1.9892489377093059,3.1755528039930607,True,0.6264260305191426,229.5
control,1250,1231,2.053140885551482,2.3072435002882385,True,0.8898674480153429,232.6
control,2150,2145,5.20478344091656,1.9530831573501595,False,2.6649062131988974,236.7
control,2245,2242,1.6131644085595005,2.045471227153507,True,0.7886517234487781,239.9
control,230,229,3.1506550801363753,1.861192723718974,False,1.692815064224429,240.1
control,1172,1143,2.5238146989204964,2.0293535390938953,False,1.2436545186933656,240.1
control,242,229,3.2426124524608197,2.0082345356384206,False,1.6146582457959715,291.1
control,1030,1009,2.5822785011727083,1.337954370974161,False,1.9300198550811252,328.4
control,791,779,1.4930314308219046,2.470444010549405,True,0.6043575261962191,359.8
control,769,765,1.8575277085963389,1.560868477426248,False,1.1900603641245027,366.9
control,2158,2145,4.15555511384727,2.2735292080649305,False,1.8277993082763992,458.4
control,228,227,2.1834026380268354,3.273226423074595,True,0.667049068966005,459.3
control,209,207,3.193892759286755,3.098203142914597,False,1.0308855203994596,466.7
