territory_id,type,kmeans,gmm,spectral_sim,kefrin_phys,kefrin_sim,leiden_phys,leiden_sim,canus_phys
1,5,5,0,5,5,5,6,5,2
2,5,5,0,4,5,5,6,3,1
3,4,4,4,4,4,4,6,4,4
4,1,1,0,5,1,1,6,5,1
5,1,1,1,3,1,1,6,3,1
6,5,5,0,5,5,5,6,5,1
7,5,5,5,5,5,5,6,5,2
8,5,5,0,5,5,5,6,5,2
9,1,1,1,3,1,1,6,3,1
10,5,5,5,5,5,5,0,5,2
11,5,5,1,5,5,5,0,5,1
12,5,5,5,5,5,5,0,5,2
13,1,1,1,5,1,1,0,5,1
14,1,1,4,4,1,1,0,5,1
15,1,1,1,5,1,1,0,5,1
16,1,1,1,5,1,1,0,5,1
17,1,1,1,3,1,1,0,5,1
18,1,1,4,3,1,1,0,5,1
19,1,1,4,3,1,1,0,3,1
20,1,1,1,5,1,1,0,5,1
21,2,2,5,5,2,2,0,2,2
22,4,4,4,4,4,4,0,4,4
23,5,5,0,5,5,5,0,2,2
25,5,5,5,5,5,5,0,2,2
26,5,5,5,5,5,5,0,2,2
27,5,5,5,5,5,5,0,2,2
28,5,5,5,5,5,5,0,2,2
29,5,5,5,5,5,5,0,2,2
30,1,1,4,5,1,1,0,5,1
31,1,1,4,4,1,1,0,3,1
32,1,1,4,4,1,1,0,3,4
33,1,1,4,3,1,1,0,3,1
34,1,1,4,4,1,1,0,3,1
35,5,5,4,5,5,5,0,5,1
36,1,1,4,3,1,1,0,3,1
37,1,1,4,4,1,1,0,3,1
38,5,5,5,5,5,5,0,2,2
39,1,1,3,4,1,1,0,3,1
40,5,5,5,5,5,5,0,5,1
41,1,1,4,4,1,1,0,3,1
42,5,5,5,5,5,5,0,5,2
43,1,1,4,4,1,1,0,3,1
44,5,5,5,4,5,5,0,2,2
45,1,1,4,4,1,1,0,3,1
46,1,1,4,3,1,1,0,5,1
47,1,1,4,4,1,1,0,3,1
48,1,1,4,4,1,1,0,3,1
49,5,5,4,4,5,5,0,4,1
50,1,1,4,4,1,1,0,0,1
51,5,5,5,5,5,5,0,2,2
52,1,3,4,4,1,3,0,3,4
53,1,1,4,4,1,1,0,5,1
54,1,1,4,4,1,1,0,3,1
55,5,5,5,5,5,5,0,5,1
56,1,1,4,4,1,1,0,3,1
57,5,5,5,5,5,5,0,2,2
58,4,4,4,4,4,4,0,4,4
59,1,1,4,4,1,1,0,3,1
60,1,1,4,4,1,1,0,5,1
61,1,1,4,4,1,1,0,3,1
62,1,1,4,4,1,1,0,3,1
63,1,1,4,4,1,1,0,3,1
65,1,1,4,4,1,1,0,3,1
66,5,5,5,5,5,5,0,2,2
67,1,1,4,4,1,1,0,3,1
68,1,1,4,3,1,1,0,3,1
69,1,1,4,4,1,1,0,3,1
70,4,4,4,4,4,4,0,4,1
71,1,1,4,4,1,1,0,3,1
72,1,1,4,3,1,1,0,3,3
73,5,5,5,5,5,5,0,2,2
74,1,1,4,3,1,1,0,3,1
75,5,5,5,5,5,5,0,2,2
76,5,5,5,5,5,5,0,5,2
77,5,5,5,5,5,5,0,2,2
78,1,1,4,4,1,1,0,3,4
79,5,5,4,4,5,1,0,5,1
80,1,1,4,4,1,1,0,3,1
81,5,5,5,5,5,5,0,5,1
82,1,1,4,4,1,1,0,3,1
83,5,5,4,5,5,5,0,2,1
167,5,5,0,5,5,5,2,5,2
168,1,1,0,5,1,5,2,5,1
169,1,1,0,3,1,1,2,3,1
173,3,3,1,3,3,3,2,3,3
181,3,3,3,3,3,3,2,3,3
184,4,4,3,4,4,4,0,4,4
185,1,1,1,3,1,1,0,3,3
188,3,3,3,3,3,3,0,3,3
191,1,1,1,3,1,1,0,3,3
194,5,5,0,5,5,5,2,5,2
195,5,5,0,4,5,5,2,3,1
196,5,5,0,5,5,5,2,5,2
198,1,1,0,3,1,3,2,3,3
201,5,5,0,5,5,5,2,5,1
203,4,4,1,4,4,4,2,4,4
204,4,4,0,4,4,4,2,3,1
205,5,5,0,5,5,5,2,5,1
206,2,2,5,5,2,2,0,0,2
207,5,5,5,0,5,5,0,0,5
208,4,4,4,4,4,4,0,4,5
209,1,1,4,3,1,1,0,5,1
210,4,4,4,4,4,4,0,4,5
211,4,4,4,4,4,4,0,0,5
212,4,4,5,4,4,4,0,4,5
213,4,4,4,4,4,4,0,4,5
214,4,4,4,4,4,4,0,4,5
215,4,4,4,4,4,4,0,4,1
216,4,4,4,4,4,4,0,4,5
217,4,4,5,4,4,4,0,4,5
218,5,5,5,5,5,5,0,5,2
219,4,4,4,4,4,4,0,4,5
220,4,1,4,4,4,4,0,4,1
221,4,4,4,4,4,4,0,4,5
222,5,5,5,0,5,5,0,0,5
223,4,4,4,4,4,4,0,4,4
224,5,5,5,5,5,5,0,0,2
225,0,0,0,0,0,0,0,0,5
226,4,4,0,0,4,4,0,0,5
227,0,0,0,0,0,0,0,4,5
228,0,0,0,0,0,0,0,0,5
229,0,0,5,4,0,0,0,0,5
230,1,1,4,4,1,1,0,5,1
231,4,4,4,4,4,4,0,4,5
232,1,1,4,4,1,1,0,3,1
233,4,4,4,4,4,4,0,4,4
234,0,0,0,4,0,0,0,0,5
235,1,1,4,4,1,1,0,3,1
236,4,4,0,4,4,4,0,0,5
237,5,5,4,4,5,5,0,5,5
238,1,1,3,4,1,1,0,3,1
239,4,4,4,4,4,4,0,4,4
240,4,4,4,4,4,4,0,4,4
241,4,4,4,4,4,4,0,4,5
242,1,1,4,4,1,1,0,3,1
243,1,1,1,4,1,1,0,0,1
269,5,5,5,5,5,5,0,2,2
270,4,4,4,4,4,4,0,4,5
271,4,4,4,4,4,4,0,4,4
272,1,1,4,4,1,1,0,5,1
273,1,1,4,3,1,1,0,3,1
274,1,1,4,4,1,1,0,3,1
275,1,1,4,3,1,1,0,3,1
276,4,4,4,4,4,4,0,4,4
277,1,1,4,4,1,1,0,3,1
278,5,5,5,5,5,5,0,5,2
279,4,4,4,4,4,4,0,4,4
280,4,4,4,4,4,4,0,4,4
281,4,4,4,4,4,4,0,4,4
282,4,4,4,4,4,4,0,4,4
283,4,4,4,4,4,4,0,4,5
284,4,4,4,4,4,4,0,4,5
285,3,3,3,3,3,3,0,3,3
287,3,3,3,3,3,3,0,3,3
288,3,3,3,3,3,3,0,3,3
289,3,3,3,3,3,3,0,3,3
290,3,3,3,3,3,3,0,3,3
292,3,3,3,3,3,3,0,3,3
293,3,3,3,3,3,3,0,3,3
294,3,3,3,3,3,3,0,3,3
295,3,3,3,3,3,3,0,3,3
296,3,3,3,3,3,3,0,3,3
297,3,3,3,3,3,3,0,3,3
298,3,3,3,3,3,3,0,3,3
300,3,3,3,3,3,3,0,3,3
301,1,1,4,4,1,1,0,5,1
302,3,3,3,3,3,3,0,3,3
303,4,4,4,4,4,4,0,4,4
304,3,3,3,3,3,3,0,3,3
305,3,3,3,3,3,3,0,3,3
306,3,3,3,3,3,3,0,3,3
307,3,3,3,3,3,3,0,3,3
308,4,4,3,4,4,4,0,3,4
309,0,0,1,0,0,0,1,0,0
312,0,0,0,0,0,0,1,0,5
314,0,0,1,0,0,0,1,0,0
316,0,0,0,0,0,0,1,0,0
317,0,0,1,0,0,0,1,0,0
318,0,0,1,0,0,0,4,0,0
319,0,0,1,0,0,0,1,0,0
320,0,0,1,0,0,0,1,0,0
321,0,0,1,0,0,0,1,0,0
323,0,0,1,0,0,0,1,0,0
324,0,0,1,0,0,0,1,0,0
325,0,0,0,0,0,0,1,0,0
326,0,0,1,0,0,0,1,0,0
327,0,0,0,0,0,0,1,0,5
329,0,0,1,0,0,0,1,0,0
330,0,0,0,0,0,0,1,0,0
331,0,0,1,0,0,0,4,0,0
332,0,0,0,0,0,0,1,0,0
333,0,0,0,0,0,0,1,0,5
334,0,0,1,0,0,0,1,0,0
335,0,0,1,0,0,0,4,0,0
336,0,0,1,0,0,0,1,0,0
337,0,0,1,0,0,0,1,0,0
338,0,0,1,0,0,0,1,0,0
339,0,0,1,0,0,0,1,0,0
340,0,0,1,0,0,0,1,0,0
341,0,0,1,0,0,0,1,0,0
342,0,0,1,0,0,0,1,0,0
343,0,0,1,0,0,0,1,0,0
345,2,2,0,5,2,5,2,5,2
346,5,5,0,5,5,5,2,5,2
347,1,5,0,5,1,5,2,5,1
348,1,1,0,3,1,1,2,5,1
349,3,3,0,3,3,3,2,3,3
351,5,5,0,5,5,5,2,5,1
352,5,5,0,5,5,5,2,5,2
354,2,2,5,5,2,2,0,5,2
355,5,5,5,5,5,5,0,5,2
356,4,4,4,4,4,4,0,4,5
357,5,5,4,4,5,5,0,5,1
358,1,1,4,3,1,1,0,3,1
359,1,1,4,4,1,1,0,3,1
360,1,1,4,4,1,4,0,4,1
361,1,1,4,3,1,1,0,3,1
362,5,5,5,5,5,5,0,5,2
363,1,1,4,4,1,1,0,3,1
364,1,1,4,4,1,1,0,3,1
365,1,1,4,4,1,1,0,3,1
366,1,1,4,4,1,1,0,3,1
367,1,1,4,3,1,1,0,3,1
368,5,5,5,5,5,5,0,2,2
369,1,1,4,4,1,1,0,3,1
370,5,5,0,4,5,5,0,0,5
371,5,5,0,5,5,5,0,5,2
372,1,1,4,3,1,1,0,3,1
373,5,5,5,5,5,5,0,5,2
374,5,5,5,4,5,5,0,5,1
375,5,5,5,5,5,5,0,5,2
376,1,1,4,3,1,1,0,3,1
377,3,3,3,3,3,3,0,3,3
378,1,1,4,4,1,1,0,3,1
379,5,5,5,5,5,5,0,5,2
380,5,5,5,5,5,5,0,2,2
381,1,1,4,4,1,1,0,3,1
382,4,4,4,4,4,4,0,4,4
383,1,5,4,4,1,5,0,4,1
384,1,1,4,3,1,1,0,3,1
385,5,5,5,5,5,5,0,2,2
386,1,1,4,3,1,1,0,3,1
387,1,1,5,4,1,1,0,3,1
388,5,5,0,5,5,5,0,5,2
390,1,1,4,3,1,1,0,3,1
391,1,1,4,4,1,1,0,3,1
392,4,4,3,4,4,4,0,4,4
393,1,1,4,4,1,1,0,3,1
395,1,1,4,3,1,1,0,3,3
396,1,1,4,3,1,1,0,3,1
397,5,5,5,4,5,5,0,5,1
398,4,4,4,4,4,4,0,4,4
401,1,1,1,5,1,1,0,5,1
402,5,5,1,5,5,5,0,5,1
403,1,1,1,5,1,1,0,5,1
404,5,5,1,5,5,5,0,5,1
405,5,5,1,0,5,5,0,5,2
408,1,1,4,3,1,1,0,5,1
410,5,5,1,5,5,5,0,5,2
413,5,5,1,5,5,5,0,5,1
414,5,5,1,5,5,5,0,5,2
416,5,5,1,5,5,5,0,5,1
418,2,2,5,5,2,2,0,2,2
419,5,5,5,5,5,5,0,2,2
420,5,5,5,5,5,5,0,2,2
421,5,5,5,5,5,5,0,5,1
422,5,5,5,5,5,5,0,2,2
423,1,1,4,4,1,1,0,3,1
424,4,4,4,4,4,4,0,3,1
425,1,1,4,4,1,1,0,3,1
428,3,3,3,3,3,3,0,3,3
429,1,1,3,3,1,1,0,3,1
430,5,5,5,5,5,5,0,5,2
431,1,1,5,4,1,1,0,3,1
432,4,4,4,4,4,4,0,3,4
433,3,3,3,3,3,3,0,3,3
434,1,1,3,3,1,1,0,3,1
435,1,1,4,4,1,1,0,3,1
436,1,3,4,3,1,3,0,3,1
437,3,3,3,3,3,3,0,3,3
438,1,1,4,4,1,1,0,3,1
440,5,5,4,4,5,5,0,5,1
441,1,1,3,3,1,1,0,3,1
442,1,1,4,3,1,1,0,3,1
443,1,1,5,4,1,1,0,3,1
444,1,1,4,4,1,1,0,3,1
445,3,3,3,4,3,3,0,3,4
446,1,1,4,3,1,1,0,3,1
447,3,3,3,3,3,3,0,3,3
448,5,5,5,5,5,5,0,5,2
449,1,1,4,4,1,1,0,4,1
450,5,5,5,4,5,5,0,0,1
451,4,4,5,4,4,4,0,4,5
452,5,5,5,4,5,5,0,5,1
453,1,1,4,4,1,1,0,5,1
455,1,1,4,3,1,1,0,5,1
456,1,1,3,3,1,1,0,3,3
457,1,1,3,3,1,3,0,3,3
458,5,5,1,5,5,5,0,5,1
459,5,5,4,0,5,5,0,5,1
460,1,1,4,4,1,1,0,3,1
478,5,5,5,5,5,5,0,5,2
479,3,3,3,3,3,3,0,3,3
480,5,5,4,4,5,5,0,3,1
481,5,5,5,5,5,5,0,2,2
482,4,4,4,4,4,4,0,4,4
484,1,1,4,3,1,1,0,3,1
485,1,1,4,3,1,1,0,3,1
486,1,1,4,4,1,1,0,3,1
487,1,1,4,3,1,1,0,3,1
489,4,4,4,4,4,4,0,4,4
490,1,1,4,3,1,1,0,3,1
491,1,1,4,4,1,1,0,3,4
492,1,1,4,4,1,1,0,3,1
493,4,4,4,4,4,4,0,3,4
494,4,4,4,4,4,4,0,4,1
495,3,3,3,3,3,3,0,3,3
496,3,3,4,3,3,3,0,3,3
497,4,4,4,4,4,4,0,3,1
498,5,5,4,5,5,5,0,5,1
499,1,1,4,3,1,1,0,3,1
501,4,4,4,4,4,4,0,3,1
502,3,3,4,3,3,3,0,3,3
503,1,1,4,4,1,1,0,3,1
504,5,2,5,5,5,5,0,2,2
505,5,5,5,4,5,5,0,5,1
506,5,5,5,5,5,5,0,1,1
507,5,5,5,5,5,5,0,5,2
508,5,5,5,4,5,5,0,2,1
509,5,5,5,5,5,5,0,2,2
510,5,5,5,5,5,5,0,5,1
511,5,5,4,4,5,5,0,5,1
512,4,4,4,4,4,4,0,4,4
515,1,1,4,5,1,1,0,5,1
516,3,3,3,3,3,3,0,3,3
517,1,1,4,4,1,1,0,5,1
518,1,1,4,4,1,1,0,3,1
519,3,3,3,3,3,3,0,3,3
520,3,3,3,3,3,3,0,3,3
521,1,1,3,3,1,3,0,3,3
522,4,4,4,4,4,4,0,4,4
523,1,5,4,3,1,5,0,5,1
524,1,1,3,3,1,1,0,3,1
525,3,3,3,3,3,3,0,3,4
527,4,4,4,4,4,4,0,3,1
528,4,4,4,4,4,4,0,4,4
529,1,1,4,3,1,1,0,3,1
530,1,1,4,4,1,1,0,3,1
531,4,4,4,4,4,4,0,4,4
532,3,3,3,3,3,3,0,3,3
533,3,3,3,3,3,3,0,3,3
534,1,1,4,4,1,1,0,3,1
535,1,1,4,3,1,1,0,5,1
536,3,3,3,3,3,3,0,3,3
537,1,1,4,4,1,1,0,3,1
538,4,4,4,4,4,4,0,3,4
539,3,3,3,3,3,3,0,3,3
540,1,1,3,3,1,1,0,3,1
541,3,3,3,3,3,3,0,3,3
542,4,4,4,4,4,4,0,4,4
543,4,4,5,4,4,4,0,3,1
544,3,3,3,3,3,3,0,3,3
545,4,1,4,4,4,4,0,4,1
546,1,1,3,3,1,1,0,3,4
547,3,3,3,3,3,3,0,3,3
548,4,3,4,3,4,3,0,3,4
549,3,3,3,3,3,3,0,3,3
550,1,1,3,3,1,1,0,3,3
552,1,1,4,4,1,1,0,3,4
553,3,3,3,3,3,3,0,3,3
554,1,1,4,3,1,1,0,5,1
555,3,3,3,3,3,3,0,3,3
556,3,3,3,3,3,3,0,3,3
557,3,3,3,3,3,3,0,3,3
558,3,3,3,3,3,3,0,3,3
559,4,4,4,4,4,4,0,3,1
560,3,3,3,3,3,3,0,3,3
561,4,4,4,4,4,4,0,3,1
562,3,3,3,3,3,3,0,3,3
563,3,3,3,3,3,3,0,3,3
564,1,1,3,3,1,1,0,3,3
565,3,3,4,3,3,3,0,3,3
566,3,3,3,3,3,3,0,3,3
567,3,3,3,3,3,3,0,3,3
568,1,1,4,4,1,1,0,3,1
569,3,3,3,3,3,3,0,3,3
570,3,3,3,3,3,3,0,3,3
571,1,1,3,4,1,1,0,3,1
572,3,3,3,3,3,3,0,3,3
574,1,4,4,4,1,4,1,0,1
578,1,5,5,5,1,5,1,5,1
579,5,5,0,4,5,0,1,0,1
580,2,2,1,0,2,2,1,0,2
581,5,5,5,5,5,5,1,5,2
582,0,0,0,0,0,0,1,0,5
583,1,1,1,3,1,1,1,5,1
584,5,5,5,4,5,5,1,0,1
585,4,4,5,4,4,4,1,0,5
586,1,1,4,3,1,1,1,5,1
587,1,1,1,0,1,1,1,0,0
588,0,0,0,4,0,0,1,0,5
589,1,1,1,0,1,1,1,0,1
591,1,1,4,4,1,1,1,0,1
592,1,1,1,0,1,1,1,0,1
593,1,1,4,4,1,1,1,5,1
594,1,1,1,4,1,1,1,0,1
595,1,1,1,3,1,1,1,5,1
598,1,1,4,3,1,1,1,5,1
599,5,5,4,4,5,5,1,5,1
600,1,1,1,0,1,1,1,0,1
601,5,5,4,5,5,5,1,5,1
602,1,1,1,3,1,1,1,5,3
603,1,1,4,4,1,1,1,0,1
604,5,5,1,0,5,5,1,5,2
605,5,5,1,0,5,1,1,0,2
606,1,1,1,3,1,1,1,5,1
607,1,5,1,0,1,1,1,5,1
608,2,2,0,0,2,2,4,0,0
612,2,2,0,0,2,2,4,0,2
613,0,0,0,0,0,0,4,0,0
614,0,0,1,0,0,0,4,0,0
615,0,0,0,0,0,0,4,0,0
616,0,0,0,0,0,0,4,0,0
618,0,0,0,0,0,0,4,0,0
619,0,0,0,0,0,0,4,0,0
621,0,0,0,0,0,0,4,0,0
666,2,2,5,5,2,2,0,2,2
667,5,5,5,5,5,5,0,5,5
668,4,4,4,4,4,4,0,4,4
669,4,4,4,4,4,4,0,0,4
670,5,5,5,4,5,5,0,0,5
671,4,1,4,4,4,4,0,0,1
674,5,5,5,5,5,5,0,5,5
675,5,5,5,4,5,0,0,0,5
676,5,5,5,5,5,5,0,5,2
677,5,5,4,4,5,5,0,0,1
678,0,0,0,0,0,0,0,0,0
679,5,5,5,5,5,5,0,2,2
680,5,5,5,4,5,5,0,0,5
683,3,3,3,3,3,3,0,3,3
685,5,5,4,4,5,5,0,5,1
686,5,5,5,5,5,5,0,5,2
687,3,3,3,3,3,3,0,4,4
689,4,4,4,4,4,4,0,4,5
690,1,1,4,4,1,1,0,3,1
691,4,4,4,4,4,4,0,3,4
692,3,3,3,3,3,3,0,3,3
693,5,5,5,5,5,5,0,5,2
694,4,4,4,4,4,4,0,4,4
695,1,1,3,4,1,1,0,3,1
696,1,1,3,3,1,1,0,3,3
697,4,4,4,4,4,4,0,4,4
698,1,1,3,3,1,1,0,3,1
699,3,3,3,3,3,3,0,3,3
701,1,1,3,3,1,1,0,3,3
702,4,4,4,4,4,4,0,4,5
703,3,3,3,3,3,3,0,4,4
704,1,1,4,4,1,1,0,3,1
705,1,1,4,4,1,1,0,3,1
706,3,3,3,3,3,3,0,3,3
708,4,4,4,4,4,4,0,4,5
710,3,1,3,3,3,3,0,3,3
711,1,1,3,4,1,1,0,3,1
712,1,1,3,3,1,1,0,3,3
713,3,3,3,3,3,3,0,3,3
714,1,1,4,4,1,1,0,3,1
715,3,3,3,3,3,3,0,3,3
716,0,0,0,0,0,0,0,0,5
717,1,1,4,4,1,1,0,4,4
718,0,0,0,0,0,0,0,0,0
719,3,3,3,3,3,3,0,3,3
720,0,0,0,0,0,0,0,0,0
721,3,3,3,3,3,3,0,3,3
722,1,1,4,4,1,1,0,5,1
723,4,4,4,4,4,4,0,4,4
725,1,1,4,4,1,1,0,5,1
726,0,0,0,0,0,0,0,0,0
727,2,2,5,5,2,2,0,2,2
731,5,5,5,4,5,5,0,2,1
734,4,4,4,4,4,4,0,4,4
735,1,1,4,4,1,1,0,3,1
736,1,1,4,4,1,1,0,3,1
737,1,1,3,3,1,3,0,3,3
738,1,1,4,4,1,1,0,3,1
739,4,4,4,4,4,4,0,4,5
741,4,4,5,4,4,4,0,0,5
742,1,1,4,4,1,1,0,3,1
743,4,4,4,4,4,4,0,4,4
744,1,1,4,4,1,1,0,3,1
745,4,4,4,4,4,4,0,4,4
746,1,1,4,4,1,1,0,3,1
747,4,4,4,4,4,4,0,4,4
748,5,5,5,5,5,5,0,2,2
749,1,1,3,3,1,1,0,3,1
751,4,4,4,4,4,4,0,4,4
752,1,1,4,4,1,1,0,3,1
753,1,1,4,4,1,1,0,3,1
754,1,1,4,4,1,4,0,0,1
755,4,4,4,4,4,4,0,4,4
756,1,1,4,4,1,1,0,3,1
757,5,5,5,5,5,5,0,5,2
758,1,1,3,3,1,1,0,3,1
760,1,1,3,3,1,1,0,3,3
761,3,3,3,3,3,3,0,3,3
763,5,5,5,5,5,5,0,2,2
764,1,1,4,3,1,1,0,3,1
765,3,3,3,3,3,3,0,3,3
766,5,5,4,4,5,5,0,0,1
767,5,5,5,4,5,5,0,0,5
769,1,1,3,3,1,3,0,3,4
770,1,1,3,3,1,1,0,3,1
771,1,1,3,4,1,1,0,3,1
773,1,1,3,4,1,1,0,3,1
774,4,4,4,4,4,4,0,4,4
775,2,2,0,0,2,2,1,0,2
776,0,0,0,0,0,0,1,0,2
777,2,2,0,0,2,2,1,0,2
778,0,0,0,0,0,0,1,0,2
779,1,1,1,0,1,1,1,0,1
780,0,1,4,0,0,0,1,0,1
781,0,0,1,0,0,0,1,0,5
782,2,2,0,0,2,2,1,0,2
783,4,4,1,4,4,4,1,0,4
784,0,0,0,0,0,0,1,0,1
785,2,2,0,0,2,2,1,0,2
787,4,1,4,4,4,4,1,4,4
788,0,0,1,0,0,0,1,0,5
789,5,5,1,4,5,5,1,0,1
790,1,1,4,4,1,1,1,0,1
791,1,1,1,4,1,1,1,0,4
792,4,4,1,4,4,4,1,0,4
793,4,4,4,4,4,4,1,4,4
794,5,5,0,0,5,5,1,0,2
795,4,4,1,0,4,4,1,0,4
796,1,1,1,3,1,1,1,5,1
797,0,1,4,4,0,0,1,0,1
798,4,4,0,4,4,4,1,0,5
799,0,0,1,0,0,0,1,0,5
800,1,1,1,0,1,1,1,0,1
801,1,1,4,4,1,1,1,0,1
802,4,1,1,4,4,4,1,0,1
803,0,0,1,0,0,0,1,0,5
804,1,1,1,4,1,1,1,0,4
805,5,5,0,4,5,0,1,0,1
806,1,1,4,4,1,1,1,0,1
807,0,0,0,4,0,0,1,0,5
808,4,4,4,4,4,4,1,4,4
809,2,2,5,5,2,5,2,5,2
810,1,1,3,3,1,1,2,3,1
811,5,5,0,5,5,5,2,5,1
812,5,5,0,5,5,5,2,5,2
813,5,5,0,5,5,5,2,5,2
814,1,1,5,4,1,3,2,3,1
815,1,1,3,4,1,1,2,3,1
817,4,4,1,4,4,4,2,4,1
818,5,5,5,5,5,5,2,5,2
819,5,5,0,5,5,5,2,5,2
820,5,5,5,5,5,5,2,5,2
821,1,1,3,4,1,1,2,3,1
822,1,1,3,3,1,3,2,3,1
823,1,1,3,3,1,1,2,3,1
824,2,2,0,5,2,5,2,5,2
825,1,1,3,3,1,3,2,3,1
826,1,1,3,3,1,3,2,3,1
827,3,3,3,3,3,3,2,3,3
828,3,3,3,3,3,3,2,3,3
829,3,3,3,3,3,3,2,3,3
830,5,5,0,5,5,5,2,5,1
831,3,3,3,3,3,3,2,3,3
832,1,1,3,3,1,3,2,3,1
833,4,4,3,4,4,3,2,3,4
834,1,1,1,3,1,1,2,3,1
835,3,3,3,3,3,3,2,3,3
836,3,3,3,3,3,3,2,3,3
838,3,3,3,4,3,3,2,3,3
839,3,3,3,3,3,3,2,3,3
840,3,3,1,3,3,3,2,3,3
841,5,5,5,5,5,5,2,5,2
842,2,2,0,0,2,2,1,0,2
843,0,0,0,0,0,0,1,0,2
844,0,0,0,0,0,0,1,0,5
846,0,0,1,0,0,0,1,0,5
847,0,0,0,0,0,0,1,0,5
848,0,0,0,0,0,0,1,0,0
849,4,4,1,4,4,4,1,0,4
851,4,4,1,4,4,4,1,0,4
852,4,4,4,4,4,4,1,4,4
853,0,0,0,0,0,0,1,0,0
854,0,0,1,0,0,0,1,0,0
855,0,0,1,0,0,0,1,0,0
856,0,0,0,0,0,0,1,0,5
857,0,0,0,0,0,0,1,0,5
859,4,1,1,4,4,4,1,0,1
860,2,2,0,0,2,2,1,0,2
870,1,1,1,0,1,1,1,0,1
871,0,0,1,0,0,0,1,0,0
872,2,2,0,0,2,2,1,2,2
873,0,0,4,0,0,0,1,0,5
874,4,4,1,4,4,4,1,0,4
875,0,0,1,0,0,0,1,0,0
876,0,1,1,0,0,0,1,0,1
877,4,4,1,4,4,4,1,0,4
878,0,0,0,0,0,0,1,0,5
879,0,0,1,0,0,0,1,0,0
880,1,1,1,4,1,1,1,0,1
881,5,5,4,4,5,5,1,0,1
882,1,1,4,4,1,1,1,3,1
883,0,0,0,0,0,0,1,0,5
884,0,0,0,0,0,0,1,0,5
885,0,1,4,0,0,0,1,0,1
886,0,0,4,0,0,0,1,0,5
888,0,0,1,0,0,0,1,0,0
889,0,0,1,0,0,0,1,0,0
890,5,2,5,0,5,5,0,0,2
891,4,4,4,4,4,4,0,0,5
892,5,5,5,4,5,5,0,0,5
895,4,4,4,4,4,4,0,4,5
896,5,2,5,0,5,5,0,0,2
897,5,5,4,4,5,5,0,5,5
898,4,4,4,4,4,4,0,4,4
899,4,4,4,4,4,4,0,4,1
900,1,1,3,3,1,3,0,3,1
901,4,4,4,4,4,4,0,5,1
902,4,4,4,4,4,4,0,5,5
903,4,4,4,4,4,4,0,4,5
904,1,1,3,4,1,1,0,3,1
905,4,4,4,4,4,4,0,4,1
907,4,4,4,4,4,4,0,4,4
908,4,4,4,4,4,4,0,4,5
909,4,4,4,4,4,4,0,4,5
911,5,5,4,4,5,5,0,4,5
912,5,5,5,0,5,5,0,5,5
913,5,5,4,4,5,5,0,5,1
914,4,4,4,4,4,4,0,4,4
915,4,4,4,4,4,4,0,4,4
916,0,0,0,0,0,0,0,0,0
917,0,0,0,0,0,0,0,0,0
918,5,5,5,5,5,5,0,5,2
920,1,1,3,4,1,1,0,3,1
922,3,3,3,3,3,3,0,3,3
923,3,3,4,4,3,3,0,4,4
924,3,3,4,3,3,3,0,3,3
925,3,3,4,3,3,3,0,3,3
926,3,3,3,3,3,3,0,3,3
927,5,5,5,5,5,5,0,5,2
928,5,5,5,5,5,5,0,5,2
929,3,3,4,3,3,3,0,3,3
930,3,3,1,3,3,3,0,3,3
986,5,5,5,5,5,5,0,1,2
987,4,4,5,4,4,4,0,0,1
988,5,5,5,5,5,5,0,2,2
989,5,5,5,5,5,5,0,5,1
991,5,5,5,5,5,5,0,1,2
992,1,1,5,4,1,1,0,3,1
993,4,4,4,4,4,4,0,4,4
994,4,4,4,4,4,4,0,4,4
995,4,4,4,4,4,4,0,4,4
996,5,5,5,4,5,5,0,0,5
998,4,4,5,4,4,4,0,0,5
999,4,4,4,4,4,4,0,4,4
1001,5,5,5,4,5,5,0,5,5
1002,4,4,4,4,4,4,0,4,4
1003,4,4,4,4,4,4,0,4,4
1004,4,4,4,4,4,4,0,4,4
1005,5,5,5,4,5,5,0,5,1
1006,4,4,4,4,4,4,0,4,4
1007,5,5,5,5,5,5,0,5,2
1008,5,5,5,5,5,5,0,5,2
1009,5,5,5,4,5,5,0,2,1
1010,1,5,5,5,1,5,0,5,1
1011,1,1,4,3,1,1,0,3,1
1012,1,1,4,3,1,3,0,3,1
1013,3,3,3,3,3,3,0,3,3
1014,3,3,3,3,3,3,0,3,3
1015,4,4,4,4,4,4,0,4,1
1016,3,3,3,3,3,3,0,3,3
1017,3,3,3,3,3,3,0,3,3
1018,3,3,3,3,3,3,0,3,3
1019,1,1,3,4,1,3,0,3,1
1020,4,4,4,4,4,4,0,4,1
1021,1,1,5,4,1,1,0,3,1
1023,3,3,3,3,3,3,0,3,3
1024,3,3,3,3,3,3,0,3,3
1025,3,3,3,3,3,3,0,3,3
1026,4,4,3,4,4,3,0,3,4
1027,3,3,3,3,3,3,0,3,3
1028,3,3,3,3,3,3,0,3,3
1029,3,3,3,3,3,3,0,3,3
1030,3,3,3,3,3,3,0,3,3
1031,1,1,3,3,1,1,0,3,1
1032,3,3,3,3,3,3,0,3,3
1033,3,3,3,3,3,3,0,3,3
1034,3,3,3,3,3,3,0,3,3
1035,3,3,3,3,3,3,0,3,3
1036,3,3,3,3,3,3,0,3,3
1037,1,1,3,4,1,3,0,3,1
1038,3,3,3,3,3,3,0,3,3
1039,5,5,5,4,5,5,0,5,1
1040,1,1,3,3,1,1,0,3,1
1041,3,3,3,3,3,3,0,3,3
1044,3,3,3,3,3,3,0,3,3
1047,1,1,4,4,1,1,0,5,1
1048,1,1,4,4,1,1,0,5,1
1049,5,5,4,0,5,5,0,0,5
1051,5,5,4,4,5,5,0,0,1
1052,1,1,4,4,1,1,0,4,1
1053,1,1,4,4,1,1,0,5,1
1054,5,5,5,5,5,5,0,5,2
1055,1,1,4,4,1,1,0,5,1
1056,4,4,4,4,4,4,0,4,4
1057,4,4,4,4,4,4,0,4,5
1058,4,4,4,4,4,4,0,4,5
1059,5,5,4,4,5,1,0,5,1
1060,4,4,4,4,4,4,0,4,4
1061,1,1,4,3,1,1,0,5,1
1062,1,1,4,4,1,1,0,5,1
1063,4,4,4,4,4,4,0,4,5
1064,1,1,3,3,1,1,0,3,3
1065,1,1,4,3,1,1,0,5,1
1066,4,4,4,4,4,4,0,4,5
1067,1,1,3,3,1,1,0,3,1
1068,4,4,4,4,4,4,0,5,1
1069,4,4,1,4,4,4,0,4,4
1070,4,4,4,4,4,4,0,4,5
1071,5,5,4,5,5,5,0,5,1
1072,4,4,4,4,4,4,0,4,5
1107,5,5,5,5,5,5,0,2,2
1108,4,4,4,4,4,4,0,4,4
1109,5,5,5,4,5,5,0,5,1
1110,4,4,4,4,4,4,0,0,5
1111,4,4,4,4,4,4,0,4,5
1112,4,4,5,4,4,4,0,4,5
1113,4,4,4,4,4,4,0,4,4
1115,4,4,4,4,4,4,0,4,4
1116,3,3,3,3,3,3,0,3,3
1117,5,5,0,5,5,5,0,1,2
1118,3,3,1,3,3,3,0,4,4
1119,4,4,4,4,4,4,0,4,4
1120,4,4,4,4,4,4,0,4,4
1121,4,4,4,4,4,4,0,4,4
1122,4,4,1,4,4,4,0,4,4
1123,4,4,4,4,4,4,0,4,4
1124,4,4,1,4,4,4,0,4,4
1125,4,4,4,4,4,4,0,4,4
1126,3,3,3,3,3,3,0,4,4
1127,4,4,4,4,4,4,0,4,4
1128,4,4,4,4,4,4,0,4,4
1129,4,4,4,4,4,4,0,4,4
1130,4,4,4,4,4,4,0,4,4
1131,5,5,4,4,5,5,0,4,1
1132,4,4,4,4,4,4,0,4,4
1133,3,3,3,3,3,3,0,3,3
1134,2,2,5,5,2,2,0,2,2
1135,5,5,5,5,5,5,0,2,2
1136,5,5,5,5,5,5,0,0,2
1137,1,1,4,4,1,1,0,5,1
1138,5,5,4,4,5,5,0,0,1
1139,1,1,4,4,1,1,0,5,1
1140,5,5,5,5,5,5,0,2,2
1141,5,5,5,5,5,5,0,5,2
1142,5,5,4,4,5,5,0,0,1
1143,4,4,4,4,4,4,0,4,5
1144,3,3,3,3,3,3,0,3,3
1146,4,4,4,4,4,4,0,4,5
1147,5,5,5,5,5,5,0,5,1
1148,1,1,4,3,1,1,0,5,1
1149,1,1,4,4,1,1,0,5,1
1150,2,2,5,5,2,5,0,5,2
1151,4,4,4,4,4,4,0,4,5
1152,0,0,1,0,0,0,0,0,0
1153,1,1,4,4,1,1,0,5,1
1154,4,4,4,4,4,4,0,4,5
1155,1,1,1,4,1,1,0,3,1
1157,4,4,4,4,4,4,0,4,5
1158,1,1,4,4,1,1,0,5,1
1159,1,5,1,5,1,1,0,5,1
1160,5,5,5,4,5,5,0,0,5
1161,4,5,4,4,4,4,0,0,5
1163,5,5,4,4,5,5,0,4,1
1164,0,0,1,4,0,0,0,4,5
1165,0,0,5,0,0,0,0,0,5
1166,1,1,3,4,1,1,0,3,1
1167,1,1,4,4,1,1,0,3,1
1168,1,1,4,4,1,1,0,5,1
1169,5,5,5,5,5,5,0,2,2
1170,1,1,4,3,1,1,0,5,1
1171,1,1,1,5,1,1,0,5,1
1172,1,1,4,4,1,1,0,5,1
1173,1,1,4,3,1,1,0,5,1
1174,1,1,4,4,1,1,0,5,1
1175,1,1,4,4,1,1,0,5,1
1176,2,2,5,0,2,2,3,2,2
1178,1,1,4,4,1,1,3,5,1
1179,4,4,4,4,4,4,3,0,5
1180,4,4,4,4,4,4,3,4,5
1181,5,5,5,4,5,5,3,2,5
1184,0,0,0,4,0,0,3,0,5
1185,4,4,4,4,4,4,3,4,5
1186,2,2,5,5,2,2,3,2,2
1187,5,5,4,4,5,0,3,0,5
1188,2,2,5,5,2,2,3,2,2
1189,1,1,4,4,1,1,3,5,1
1190,2,2,5,5,2,2,3,2,2
1191,5,5,4,4,5,5,3,0,1
1192,1,1,4,4,1,1,3,5,1
1193,1,1,4,4,1,1,3,5,1
1194,5,5,4,4,5,5,3,3,1
1195,3,3,3,4,3,3,3,3,4
1196,1,1,4,4,1,1,3,3,1
1197,5,5,5,4,5,5,3,2,1
1198,5,5,5,5,5,5,0,1,2
1200,4,4,4,4,4,4,0,4,4
1201,3,3,3,3,3,3,0,3,3
1203,4,4,4,4,4,4,0,4,4
1204,3,3,3,3,3,3,0,3,3
1205,3,3,3,3,3,3,0,3,3
1206,4,4,5,4,4,4,0,4,5
1207,5,5,5,4,5,5,0,3,1
1208,3,3,3,3,3,3,0,3,3
1209,4,4,5,4,4,4,0,3,1
1210,3,3,3,3,3,3,0,3,3
1211,4,4,5,4,4,4,0,4,4
1212,5,5,5,4,5,5,0,5,1
1213,4,1,3,4,4,3,0,3,1
1214,3,3,3,3,3,3,0,4,4
1215,3,3,3,3,3,3,0,3,3
1217,3,3,3,3,3,3,0,3,3
1218,4,4,3,4,4,3,0,3,4
1219,4,4,4,4,4,4,0,4,4
1220,3,3,3,3,3,3,0,3,3
1221,5,5,5,4,5,5,0,5,1
1222,3,3,3,3,3,3,0,3,3
1223,3,3,3,3,3,3,0,3,3
1224,2,2,5,5,2,2,0,2,2
1225,5,5,5,5,5,5,0,5,1
1226,5,5,5,5,5,5,0,1,1
1227,4,4,5,4,4,4,0,0,5
1228,5,5,4,4,5,5,0,5,1
1229,5,5,5,5,5,5,0,2,2
1230,5,5,5,5,5,5,0,5,2
1231,5,5,5,5,5,5,0,0,2
1232,5,5,5,4,5,5,0,0,5
1233,5,5,5,5,5,5,0,2,2
1234,5,5,5,4,5,5,0,2,1
1235,5,5,5,4,5,5,0,2,1
1236,5,5,5,5,5,5,0,2,2
1237,4,4,4,4,4,4,0,5,1
1238,5,5,5,5,5,5,0,2,2
1240,1,1,4,3,1,1,0,5,1
1241,5,5,5,4,5,5,0,3,1
1242,3,3,3,3,3,3,0,3,3
1243,5,5,5,5,5,5,0,1,2
1244,4,4,4,4,4,4,0,4,4
1246,1,1,4,3,1,1,0,5,1
1249,1,1,4,4,1,1,0,5,1
1250,5,5,5,5,5,5,0,5,1
1251,1,1,3,3,1,1,0,3,1
1252,5,5,5,4,5,5,0,2,1
1253,3,3,3,3,3,3,0,3,3
1254,1,1,4,3,1,1,0,5,1
1256,1,1,4,4,1,1,0,3,1
1257,1,1,4,4,1,1,0,4,1
1258,5,5,5,5,5,5,0,2,2
1259,4,4,4,4,4,4,0,4,4
1260,5,5,5,4,5,5,0,2,5
1261,4,4,4,4,4,4,0,4,1
1262,4,4,5,4,4,4,0,3,1
1264,1,1,1,3,1,1,0,5,3
1265,4,4,4,4,4,4,0,3,1
1266,3,3,3,3,3,3,0,3,3
1267,3,3,3,3,3,3,0,3,3
1268,1,1,3,4,1,1,0,3,1
1269,3,3,3,3,3,3,0,3,3
1270,4,4,4,4,4,4,0,4,4
1271,3,3,3,3,3,3,0,3,3
1272,4,4,4,4,4,4,0,4,4
1273,3,3,3,3,3,3,0,3,3
1274,1,1,4,3,1,1,0,3,3
1275,5,5,4,5,5,5,0,5,1
1276,4,4,4,4,4,4,0,4,4
1277,4,4,4,4,4,4,0,4,4
1278,3,3,3,3,3,3,0,3,4
1279,1,1,3,3,1,1,0,3,1
1280,3,3,3,4,3,3,0,3,4
1281,4,4,4,4,4,4,0,4,4
1282,3,3,3,3,3,3,0,3,3
1284,4,4,4,4,4,4,0,4,4
1285,4,4,4,4,4,4,0,4,5
1286,4,3,4,3,4,4,0,4,4
1287,4,4,4,4,4,4,0,4,4
1288,4,4,4,4,4,4,0,4,4
1289,1,1,4,4,1,1,0,3,1
1290,4,4,4,4,4,4,0,4,4
1291,3,3,3,3,3,3,0,3,3
1292,4,4,4,4,4,4,0,4,4
1293,4,4,4,4,4,4,0,4,4
1294,4,4,4,4,4,4,0,3,1
1295,4,4,4,4,4,4,0,4,4
1296,1,1,3,3,1,1,0,3,3
1297,3,3,3,3,3,3,0,3,3
1298,3,3,3,3,3,3,0,3,4
1299,3,3,3,3,3,3,0,3,3
1300,1,1,4,4,1,1,0,3,1
1301,4,4,4,4,4,4,0,4,4
1302,4,4,4,4,4,4,0,3,1
1303,5,5,5,5,5,5,0,2,2
1304,4,4,4,4,4,4,0,4,4
1305,4,4,4,4,4,4,0,4,4
1306,4,4,4,4,4,4,0,4,4
1308,4,4,4,4,4,4,0,4,1
1309,3,3,3,3,3,3,0,3,3
1310,4,1,4,4,4,4,0,4,1
1311,3,3,3,3,3,3,0,3,3
1312,4,4,4,4,4,4,0,4,4
1313,3,3,3,3,3,3,0,3,3
1314,3,3,3,3,3,3,0,3,3
1315,5,5,5,5,5,5,0,5,1
1316,4,4,4,4,4,4,0,4,1
1317,3,3,3,3,3,3,0,3,3
1319,3,3,3,3,3,3,0,3,3
1320,3,3,3,3,3,3,0,3,3
1321,4,4,4,4,4,4,0,4,4
1322,3,3,3,3,3,3,0,3,3
1323,3,3,3,3,3,3,0,3,3
1324,3,3,3,3,3,3,0,3,3
1325,3,3,3,3,3,3,0,3,3
1326,4,4,4,4,4,4,0,4,4
1327,3,3,3,3,3,3,0,3,3
1328,3,3,3,3,3,3,0,3,3
1329,4,4,4,4,4,4,0,4,4
1330,3,3,3,3,3,3,0,3,3
1331,3,3,3,3,3,3,0,3,3
1333,5,5,5,5,5,5,0,2,2
1334,4,4,5,4,4,4,0,4,1
1335,3,3,3,3,3,3,0,3,3
1336,3,3,3,3,3,3,0,3,3
1337,4,4,4,4,4,4,0,4,4
1338,4,4,4,4,4,4,0,4,4
1339,1,1,4,4,1,1,0,3,1
1340,3,3,3,3,3,3,0,3,4
1341,4,4,4,4,4,4,0,4,4
1343,3,3,3,3,3,3,0,3,4
1344,3,3,3,3,3,3,0,3,3
1345,3,3,3,3,3,3,0,3,3
1346,3,3,3,3,3,3,0,3,3
1347,4,4,4,4,4,4,0,4,4
1348,3,3,3,3,3,3,0,3,3
1349,3,3,3,3,3,3,0,3,3
1350,3,3,3,3,3,3,0,3,3
1351,1,1,4,3,1,1,0,3,3
1352,3,3,3,3,3,1,0,3,3
1353,3,3,3,3,3,3,0,3,3
1355,3,3,3,3,3,3,0,3,3
1356,1,1,4,4,1,1,0,3,1
1357,4,1,4,4,4,4,0,4,4
1358,3,3,3,3,3,3,0,3,3
1392,4,4,5,4,4,4,0,4,5
1393,5,5,5,4,5,5,0,4,5
1394,5,5,5,4,5,5,0,0,5
1395,2,2,5,5,2,2,0,1,2
1396,5,5,5,5,5,5,0,1,2
1397,5,5,5,5,5,5,0,1,2
1398,5,5,5,0,5,5,0,0,5
1399,5,5,5,4,5,5,0,0,5
1400,5,5,5,5,5,5,0,1,2
1401,5,5,5,4,5,5,0,0,5
1402,5,5,2,5,5,5,0,5,2
1403,5,5,5,5,5,5,0,1,2
1404,5,5,5,4,5,4,0,4,5
1405,5,5,5,4,5,5,0,0,5
1406,5,5,5,4,5,5,0,4,5
1407,5,5,5,4,5,5,0,0,5
1408,5,5,5,5,5,5,0,1,2
1409,5,5,5,5,5,5,0,1,2
1410,5,5,5,5,5,5,0,1,2
1411,5,5,5,5,5,5,0,5,1
1412,3,3,3,3,3,3,0,3,3
1413,4,4,5,4,4,4,0,4,1
1414,4,1,4,4,4,3,0,3,1
1415,3,3,3,3,3,3,0,3,3
1416,3,3,3,3,3,3,0,3,3
1417,3,3,3,3,3,3,0,3,3
1419,3,3,3,3,3,3,0,3,3
1420,3,3,3,3,3,3,0,3,3
1421,1,1,3,3,1,1,0,3,3
1422,1,1,5,4,1,3,0,3,1
1423,3,3,3,3,3,3,0,3,3
1425,4,4,4,4,4,4,0,3,4
1426,3,3,3,3,3,3,0,3,3
1427,4,4,3,4,4,3,0,3,1
1428,3,3,3,3,3,3,0,3,3
1429,3,3,3,3,3,3,0,3,3
1430,0,0,0,0,0,0,1,0,0
1431,0,0,0,0,0,0,1,0,5
1438,0,0,0,0,0,0,1,0,5
1439,2,2,2,5,2,2,0,1,2
1440,5,5,2,5,5,5,0,5,2
1443,2,2,2,5,2,2,0,1,2
1444,2,2,2,2,2,2,0,1,2
1445,2,2,2,5,2,5,0,5,2
1446,5,2,5,5,5,2,0,1,2
1447,5,5,5,5,5,5,0,5,2
1448,2,2,2,5,2,2,0,1,2
1449,5,5,5,4,5,4,0,4,5
1453,2,2,5,5,2,2,0,1,2
1454,5,5,5,5,5,5,0,5,2
1456,2,2,2,2,2,2,0,1,2
1457,2,2,5,5,2,2,0,1,2
1459,2,2,2,5,2,2,0,1,2
1461,2,2,2,5,2,2,0,1,2
1463,5,5,5,5,5,5,0,5,2
1464,2,2,5,5,2,2,0,1,2
1465,2,2,2,5,2,2,0,1,2
1467,2,2,2,5,2,2,0,1,2
1468,5,2,2,5,5,5,0,5,2
1472,2,2,2,5,2,5,0,1,2
1473,5,5,5,4,5,5,0,0,5
1474,4,4,4,4,4,4,0,0,5
1475,2,2,2,2,2,2,0,1,2
1477,5,5,5,5,5,5,0,5,2
1478,5,5,5,4,5,5,0,5,5
1480,5,5,5,5,5,5,0,1,2
1481,2,2,5,5,2,2,0,1,2
1483,4,4,5,4,4,4,0,0,5
1484,5,5,2,5,5,5,0,5,2
1486,5,5,5,4,5,5,0,5,1
1488,5,2,5,5,5,2,0,1,2
1489,5,5,5,5,5,5,0,5,1
1490,5,5,5,5,5,5,0,5,2
1491,5,5,5,5,5,5,0,5,2
1492,5,5,5,5,5,5,0,5,2
1493,2,2,5,5,2,2,0,5,2
1494,4,4,5,4,4,4,0,4,4
1495,5,5,5,5,5,5,0,5,2
1496,5,5,5,5,5,5,0,1,2
1500,5,5,2,5,5,5,0,1,2
1501,5,5,5,5,5,5,0,1,2
1504,5,5,5,4,5,5,0,5,1
1506,2,2,5,0,2,2,0,0,2
1507,5,5,5,0,5,5,0,0,5
1508,0,0,0,0,0,0,0,0,5
1509,5,5,5,0,5,0,0,0,5
1510,4,4,4,0,4,4,0,0,5
1511,5,5,5,0,5,5,0,0,5
1512,0,0,0,0,0,0,0,0,5
1518,5,5,5,0,5,5,0,0,5
1519,5,5,0,4,5,5,0,0,5
1520,4,4,4,4,4,4,0,4,5
1521,5,5,5,0,5,5,0,0,5
1522,4,4,4,4,4,4,0,4,5
1523,2,2,5,5,2,2,0,2,2
1525,5,5,5,5,5,5,0,1,2
1526,5,5,5,4,5,5,0,1,1
1527,5,5,5,5,5,5,0,1,2
1528,4,4,4,4,4,4,0,4,4
1529,4,4,4,4,4,4,0,4,4
1530,4,4,3,4,4,4,0,4,4
1532,1,1,3,3,1,3,0,3,1
1533,4,4,4,4,4,4,0,4,4
1534,3,3,3,3,3,3,0,4,4
1535,4,4,4,4,4,4,0,4,4
1536,4,4,4,4,4,4,0,4,4
1537,3,3,3,3,3,3,0,3,3
1539,5,5,5,4,5,5,0,0,1
1540,5,5,5,4,5,5,0,5,1
1541,3,3,3,3,3,3,0,3,3
1542,3,3,3,3,3,3,0,4,4
1543,3,3,3,3,3,3,0,3,3
1544,3,3,3,3,3,3,0,3,3
1545,3,3,3,3,3,3,0,3,3
1546,3,3,4,3,3,3,0,4,4
1547,3,3,3,3,3,3,0,3,3
1548,3,3,3,3,3,3,0,3,3
1549,4,4,0,4,4,4,0,4,5
1550,4,4,3,4,4,4,0,3,4
1551,3,3,3,3,3,3,0,3,3
1552,3,3,3,3,3,3,0,3,3
1553,5,5,5,4,5,5,0,5,1
1554,4,4,3,3,4,4,0,3,4
1555,4,4,3,4,4,3,0,4,4
1556,3,3,3,3,3,3,0,3,4
1557,4,4,4,4,4,4,0,3,4
1558,1,1,3,3,1,1,0,3,1
1559,3,3,3,3,3,3,0,3,3
1560,5,5,5,5,5,5,0,1,2
1561,3,3,3,3,3,3,0,3,3
1562,4,4,4,4,4,4,0,4,1
1563,5,5,5,4,5,5,0,5,1
1564,3,3,3,3,3,3,0,3,3
1565,1,1,4,4,1,1,0,3,1
1566,1,1,4,3,1,3,0,3,1
1567,3,3,3,3,3,3,0,3,3
1568,1,1,3,4,1,3,0,3,1
1569,3,3,3,3,3,3,0,3,3
1570,1,1,3,3,1,1,0,3,1
1571,1,1,3,3,1,1,0,3,3
1572,1,1,4,3,1,1,0,5,1
1573,3,3,3,3,3,3,0,3,3
1574,4,4,4,4,4,4,0,4,4
1575,5,5,5,5,5,5,0,1,2
1577,5,5,5,4,5,5,0,2,1
1578,4,4,5,4,4,4,0,4,4
1579,4,4,3,4,4,4,0,4,4
1580,3,3,3,3,3,3,0,3,3
1581,3,3,3,4,3,3,0,3,1
1582,3,3,3,3,3,3,0,3,3
1583,4,4,4,4,4,4,0,4,4
1584,3,3,1,3,3,3,0,3,3
1585,3,3,3,3,3,3,0,3,3
1586,5,5,5,5,5,5,0,1,2
1587,1,1,4,4,1,3,0,3,1
1588,4,4,4,4,4,4,0,4,4
1589,4,4,4,4,4,4,0,4,5
1590,1,1,3,3,1,1,0,3,3
1591,3,3,3,3,3,3,0,3,3
1592,4,4,5,4,4,4,0,4,4
1593,3,3,3,3,3,3,0,3,3
1594,3,3,3,3,3,3,0,3,3
1595,4,4,4,4,4,4,0,4,4
1596,4,4,3,4,4,4,0,3,4
1597,2,2,5,5,2,2,0,2,2
1598,5,5,5,5,5,5,0,2,2
1599,5,5,5,5,5,5,0,5,2
1600,5,5,5,5,5,5,0,5,2
1601,2,2,5,5,2,2,0,2,2
1602,1,1,3,3,1,1,0,3,1
1603,5,5,5,4,5,5,0,5,1
1604,1,1,4,4,1,1,0,5,1
1605,3,3,3,3,3,3,0,3,3
1606,3,3,3,3,3,3,0,3,3
1607,3,3,3,3,3,3,0,3,3
1608,4,4,5,4,4,4,0,4,4
1609,1,1,4,4,1,1,0,5,1
1610,4,4,3,4,4,4,0,3,1
1611,1,1,4,4,1,1,0,3,1
1612,1,1,5,4,1,1,0,5,1
1613,3,3,3,3,3,3,0,3,3
1614,3,3,3,3,3,3,0,3,3
1615,5,5,5,5,5,5,0,5,1
1616,1,1,3,3,1,1,0,3,1
1617,3,3,3,3,3,3,0,3,3
1618,4,4,5,4,4,4,0,3,1
1619,5,5,4,4,5,5,0,5,1
1620,2,2,5,5,2,2,0,1,2
1621,1,1,4,3,1,1,0,3,1
1622,3,3,3,3,3,3,0,3,3
1623,5,5,4,4,5,5,0,5,1
1624,4,4,4,4,4,4,0,4,1
1625,1,1,4,4,1,1,0,3,1
1626,3,3,3,3,3,3,0,3,3
1627,4,4,3,3,4,3,0,3,1
1628,1,1,4,4,1,1,0,3,1
1629,1,1,5,4,1,1,0,3,1
1630,1,1,3,3,1,1,0,3,1
1631,1,1,4,4,1,1,0,3,1
1632,2,2,5,5,2,2,0,2,2
1633,4,4,4,4,4,4,0,4,4
1634,4,4,4,4,4,4,0,3,1
1635,3,3,3,3,3,3,0,3,3
1636,4,4,4,4,4,4,0,4,4
1637,3,3,3,3,3,3,0,3,3
1638,4,4,3,4,4,4,0,4,4
1639,4,4,4,4,4,4,0,4,4
1640,3,3,3,3,3,3,0,3,3
1641,4,4,4,4,4,4,0,4,4
1642,1,1,3,3,1,1,0,3,3
1643,4,4,4,4,4,4,0,4,4
1644,4,4,4,4,4,4,0,4,4
1645,4,4,4,4,4,4,0,3,4
1646,1,1,4,3,1,1,0,3,1
1647,1,1,4,3,1,1,0,3,1
1648,3,3,3,3,3,3,0,3,3
1649,4,4,4,4,4,4,0,4,4
1650,4,1,4,4,4,1,0,4,4
1651,1,1,3,4,1,1,0,3,1
1652,5,5,5,5,5,5,0,5,2
1653,4,4,4,4,4,4,0,4,4
1654,1,1,4,3,1,1,0,3,1
1655,1,1,4,4,1,1,0,3,4
1656,1,1,4,4,1,1,0,3,1
1657,3,3,3,3,3,3,0,3,3
1658,4,4,4,4,4,4,0,4,4
1659,1,1,4,4,1,1,0,5,1
1660,3,3,3,3,3,3,0,3,3
1661,1,1,4,4,1,1,0,3,1
1662,1,1,3,3,1,1,0,3,3
1663,4,4,3,4,4,4,0,3,4
1664,4,4,4,4,4,4,0,4,4
1665,5,5,5,5,5,5,0,2,2
1666,1,1,4,3,1,1,0,3,1
1667,5,5,5,4,5,5,0,5,1
1668,5,5,5,5,5,5,0,2,2
1669,4,4,4,4,4,4,0,4,4
1670,4,4,4,4,4,4,0,4,4
1671,4,4,4,4,4,4,0,4,4
1672,4,4,0,4,4,4,0,0,5
1673,0,0,0,4,0,0,0,0,5
1674,5,5,4,4,5,5,0,4,1
1675,1,1,5,4,1,1,0,3,1
1676,4,4,0,4,4,4,0,4,5
1678,3,3,3,3,3,3,0,4,4
1679,4,4,4,4,4,4,0,4,4
1680,3,3,3,3,3,3,0,3,3
1681,3,3,3,3,3,3,0,3,3
1682,4,4,4,4,4,4,0,4,4
1683,5,5,5,4,5,5,0,5,1
1685,4,4,4,4,4,4,0,4,4
1686,4,4,4,4,4,4,0,4,4
1687,1,1,4,4,1,1,0,3,1
1688,4,4,3,4,4,4,0,4,4
1689,3,3,3,3,3,3,0,3,3
1690,3,3,3,3,3,3,0,3,4
1691,3,3,3,3,3,3,0,3,3
1692,4,4,4,4,4,4,0,4,4
1693,1,1,4,4,1,1,0,3,4
1694,4,4,4,4,4,4,0,4,4
1696,4,4,4,4,4,4,0,4,4
1697,4,4,4,4,4,4,0,4,4
1698,3,3,3,3,3,3,0,3,4
1699,4,4,4,4,4,4,0,4,4
1700,4,4,4,4,4,4,0,4,4
1701,4,4,4,4,4,4,0,4,4
1702,3,3,3,3,3,3,0,3,3
1703,1,1,4,4,1,1,0,3,1
1704,5,5,0,4,5,4,0,0,5
1705,4,4,4,4,4,4,0,4,4
1706,4,4,4,4,4,3,0,3,4
1707,5,5,5,5,5,5,0,2,2
1708,4,4,5,4,4,4,0,4,1
1709,4,4,5,4,4,4,0,4,5
1710,4,4,4,4,4,4,0,4,4
1711,4,4,4,4,4,4,0,4,4
1712,4,4,4,4,4,4,0,4,4
1714,3,3,3,3,3,3,0,3,3
1715,4,4,4,4,4,4,0,4,4
1717,4,4,4,4,4,4,0,4,4
1718,3,3,3,3,3,3,0,3,3
1719,4,4,5,4,4,3,0,3,1
1722,3,3,3,3,3,3,0,3,3
1724,3,3,3,3,3,3,0,3,3
1725,3,3,3,3,3,3,0,3,3
1726,5,5,5,5,5,5,0,5,2
1727,3,3,3,3,3,3,0,3,3
1728,4,4,4,4,4,4,0,4,4
1730,4,4,4,4,4,4,0,4,4
1731,4,4,4,4,4,4,0,4,4
1732,3,3,3,3,3,3,0,3,3
1733,3,3,3,3,3,3,0,4,4
1737,3,3,3,3,3,3,0,3,3
1738,3,3,3,3,3,3,0,3,3
1739,3,3,3,3,3,3,0,3,3
1740,5,5,5,4,5,5,0,5,1
1741,3,3,3,3,3,3,0,3,3
1742,4,4,0,4,4,4,0,3,1
1743,3,3,3,3,3,3,0,3,3
1744,3,3,3,3,3,3,0,3,3
1745,3,3,3,3,3,3,0,3,4
1746,3,3,3,3,3,3,0,3,3
1747,3,3,3,3,3,3,0,3,3
1749,3,3,3,3,3,3,0,3,3
1750,3,3,3,3,3,3,0,3,3
1751,3,3,3,3,3,3,0,3,3
1752,4,4,4,4,4,4,0,3,4
1753,3,3,3,3,3,3,0,3,3
1754,3,1,4,3,3,1,0,3,3
1755,3,3,3,3,3,3,0,3,3
1756,3,3,3,3,3,3,0,3,3
1757,3,3,3,3,3,3,0,3,3
1758,5,5,5,5,5,5,0,5,2
1759,4,4,4,4,4,4,0,4,4
1760,1,1,3,3,1,3,0,3,1
1761,3,3,3,3,3,3,0,3,3
1762,3,3,3,3,3,3,0,3,3
1764,5,5,5,5,5,5,0,1,2
1765,5,5,5,4,5,5,0,2,1
1766,4,4,4,4,4,4,0,3,1
1768,4,4,4,4,4,4,0,5,1
1769,1,1,3,4,1,1,0,3,1
1770,4,4,5,4,4,4,0,4,5
1771,3,3,3,3,3,3,0,3,3
1773,3,3,3,3,3,3,0,3,3
1774,4,4,3,4,4,4,0,4,4
1775,3,3,3,3,3,3,0,3,3
1776,4,4,4,4,4,4,0,4,4
1777,3,3,3,3,3,3,0,3,3
1778,4,4,5,4,4,4,0,5,1
1780,4,4,4,4,4,4,0,4,4
1781,3,3,3,3,3,3,0,3,3
1782,4,4,4,4,4,4,0,4,1
1783,5,2,5,5,5,5,0,1,2
1784,3,3,3,3,3,3,0,3,3
1785,4,1,3,4,4,4,0,3,1
1786,4,4,4,4,4,4,0,5,5
1787,1,1,1,3,1,1,0,5,1
1788,4,4,4,4,4,4,0,5,1
1845,5,5,5,5,5,5,0,2,2
1846,1,1,5,4,1,4,0,3,1
1848,3,3,3,3,3,3,0,3,3
1849,3,3,3,3,3,3,0,3,3
1850,4,4,4,4,4,4,0,4,4
1851,3,3,3,3,3,3,0,3,3
1852,3,3,3,3,3,3,0,3,3
1853,3,3,3,3,3,3,0,3,3
1854,3,3,3,3,3,3,0,3,3
1855,3,3,3,3,3,3,0,3,3
1856,3,3,3,3,3,3,0,3,3
1857,3,3,3,3,3,3,0,3,3
1858,3,3,3,3,3,3,0,4,3
1859,4,4,4,4,4,4,0,3,4
1860,3,3,3,3,3,3,0,3,3
1861,4,4,4,4,4,4,0,4,5
1862,3,3,3,3,3,3,0,3,3
1863,5,5,5,5,5,5,0,5,1
1864,3,3,3,3,3,3,0,3,3
1865,3,3,3,3,3,3,0,3,3
1868,3,3,3,3,3,3,0,3,3
1869,4,4,4,4,4,4,0,4,4
1870,3,3,3,3,3,3,0,3,3
1871,3,3,3,3,3,3,0,4,3
1872,3,3,3,3,3,3,0,3,3
1873,3,3,3,3,3,3,0,3,3
1874,2,2,5,5,2,2,0,2,2
1875,5,5,5,4,5,5,0,0,5
1876,5,5,5,4,5,5,0,1,1
1877,5,5,5,5,5,5,0,1,2
1878,4,4,4,4,4,4,0,4,4
1879,4,5,5,4,4,4,0,0,1
1880,1,1,5,4,1,3,0,3,1
1881,5,5,5,5,5,5,0,1,2
1883,5,5,5,4,5,5,0,5,1
1884,3,3,3,3,3,3,0,3,3
1885,4,4,4,4,4,4,0,4,4
1886,4,4,4,4,4,4,0,4,4
1887,3,3,3,3,3,3,0,3,3
1888,4,4,3,4,4,4,0,4,4
1889,4,3,3,3,4,3,0,4,4
1890,5,5,5,5,5,5,0,1,2
1891,3,3,3,3,3,3,0,3,3
1892,3,3,3,3,3,3,0,3,3
1893,1,1,4,4,1,1,0,3,1
1894,4,4,4,4,4,4,0,4,4
1895,4,4,4,4,4,4,0,4,4
1896,3,3,3,3,3,3,0,3,3
1897,3,3,3,3,3,3,0,3,3
1898,3,3,3,3,3,3,0,4,4
1899,4,4,4,4,4,4,0,4,4
1900,4,4,4,4,4,4,0,4,4
1901,4,4,3,4,4,4,0,4,4
1902,3,3,3,3,3,3,0,4,4
1903,3,3,3,3,3,3,0,4,4
1904,4,4,4,4,4,4,0,3,1
1905,5,5,5,5,5,5,0,5,2
1906,5,5,5,5,5,5,0,5,1
1907,3,3,3,3,3,3,0,3,3
1908,3,3,3,3,3,3,0,3,3
1909,3,3,3,3,3,3,0,3,3
1910,3,3,3,3,3,3,0,3,3
1912,4,4,5,4,4,4,0,3,1
1915,3,3,3,3,3,3,0,3,3
1916,3,3,3,3,3,3,0,3,3
1917,3,3,3,3,3,3,0,3,3
1918,3,3,3,3,3,3,0,3,3
1919,5,5,5,5,5,5,0,2,2
1920,5,5,5,4,5,5,0,5,1
1921,3,3,3,3,3,3,0,3,3
1922,5,5,5,4,5,5,0,5,1
1923,3,3,4,3,3,3,0,4,4
1924,3,3,3,3,3,3,0,3,3
1925,3,3,3,3,3,3,0,3,4
1926,3,3,3,3,3,3,0,3,3
1927,3,3,3,3,3,3,0,3,3
1928,3,3,3,3,3,3,0,3,3
1929,3,3,3,3,3,3,0,3,3
1930,1,1,3,4,1,3,0,3,1
1931,4,4,3,4,4,4,0,4,4
1932,3,3,3,3,3,3,0,3,3
1933,3,3,3,3,3,3,0,3,3
1934,4,4,4,4,4,4,0,3,1
1935,3,3,3,3,3,3,0,3,3
1936,5,5,0,4,5,5,0,3,1
1937,1,1,3,3,1,3,0,3,1
1938,3,3,3,3,3,3,0,3,3
1939,4,4,4,4,4,4,0,3,4
1940,3,3,3,3,3,3,0,3,3
1941,3,3,3,3,3,3,0,3,3
1942,3,3,4,3,3,3,0,3,3
1943,3,3,3,3,3,3,0,3,3
1944,3,3,3,3,3,3,0,3,3
1945,3,3,3,3,3,3,0,3,3
1947,4,4,4,4,4,4,0,4,4
1948,4,4,4,4,4,4,0,3,1
1949,3,3,3,3,3,3,0,3,3
1950,4,4,4,4,4,4,0,4,4
1951,3,3,3,3,3,3,0,3,4
1952,5,5,5,5,5,5,0,5,2
1954,0,1,1,4,0,1,5,0,4
1955,0,0,1,0,0,0,5,0,0
1956,0,0,1,0,0,0,5,0,0
1957,0,0,0,0,0,0,5,0,0
1958,0,0,0,0,0,0,7,0,0
1959,0,0,1,0,0,0,5,0,0
1960,0,0,1,0,0,0,5,0,0
1961,0,0,0,0,0,0,5,0,0
1962,0,0,0,0,0,0,5,0,0
1963,0,0,1,0,0,0,5,0,0
1965,0,0,1,0,0,0,5,0,0
1966,0,0,1,0,0,0,5,0,0
1967,0,0,1,0,0,0,5,0,0
1968,0,0,0,0,0,0,5,0,0
1969,0,0,1,0,0,0,5,0,0
1970,0,0,0,0,0,0,7,0,0
1971,2,2,5,5,2,2,0,2,2
1972,4,4,5,4,4,4,0,0,5
1973,4,4,4,4,4,4,0,4,5
1974,5,5,5,4,5,5,0,2,5
1975,4,4,4,4,4,4,0,4,4
1976,4,4,4,4,4,4,0,4,5
1977,5,2,5,5,5,2,0,2,2
1978,5,5,5,4,5,5,0,0,5
1979,2,2,5,5,2,2,0,2,2
1980,5,5,5,4,5,5,0,0,5
1981,4,4,5,4,4,4,0,0,5
1982,4,4,5,4,4,4,0,0,5
1983,5,5,5,4,5,5,0,5,1
1984,4,4,4,4,4,4,0,4,4
1985,5,5,5,4,5,5,0,5,1
1986,5,5,5,5,5,5,0,2,2
1987,5,5,4,4,5,5,0,0,1
1988,4,4,4,4,4,4,0,4,5
1989,4,4,4,4,4,4,0,4,4
1990,5,5,5,4,5,4,0,0,5
1991,4,4,0,4,4,4,0,4,5
1992,4,4,4,4,4,4,0,4,5
1993,5,5,5,5,5,5,0,0,2
1994,4,4,4,4,4,4,0,4,4
1995,5,5,5,5,5,5,0,2,1
1996,4,4,4,4,4,4,0,4,5
1997,4,4,4,4,4,4,0,4,5
1999,5,5,0,4,5,0,0,0,5
2000,5,5,5,5,5,5,0,2,2
2001,4,4,4,4,4,4,0,4,5
2002,4,4,4,4,4,4,0,0,5
2004,5,5,5,5,5,5,0,2,2
2005,5,5,5,4,5,5,0,2,5
2006,5,5,5,5,5,5,0,0,2
2007,4,4,4,4,4,4,0,4,4
2008,4,4,5,4,4,4,0,0,5
2009,4,4,4,4,4,4,0,4,4
2010,5,5,5,4,5,5,0,0,5
2011,4,4,5,4,4,4,0,0,5
2012,4,4,4,4,4,4,0,0,1
2015,4,4,4,4,4,4,0,4,4
2017,1,1,4,4,1,1,0,3,1
2018,4,4,4,4,4,4,0,4,4
2019,5,5,5,4,5,5,0,5,1
2021,1,1,5,4,1,1,0,5,1
2022,3,3,3,3,3,3,0,3,3
2023,1,1,3,4,1,1,0,3,1
2024,5,5,5,4,5,0,0,0,5
2025,5,5,4,5,5,5,0,5,1
2027,4,4,4,4,4,4,0,4,5
2028,4,4,4,4,4,4,0,4,4
2030,1,1,4,4,1,1,0,3,1
2031,4,4,4,4,4,4,0,4,4
2032,5,5,5,5,5,5,0,1,2
2033,5,5,5,5,5,5,0,1,2
2034,1,1,4,4,1,1,0,3,1
2035,4,4,4,4,4,4,0,4,4
2036,4,4,4,4,4,4,0,4,1
2037,4,4,3,3,4,4,0,4,4
2039,4,4,4,4,4,4,0,4,4
2040,5,5,4,0,5,5,0,5,5
2041,4,1,4,4,4,4,0,4,1
2042,4,4,4,4,4,4,0,4,4
2043,3,3,3,3,3,3,0,3,3
2044,5,5,5,5,5,5,0,1,2
2045,4,4,5,4,4,4,0,4,5
2046,4,4,3,4,4,4,0,4,4
2047,5,5,5,4,5,5,0,5,1
2048,5,5,5,4,5,5,0,5,1
2049,3,3,3,3,3,3,0,3,3
2050,3,3,4,3,3,3,0,3,3
2051,4,4,4,4,4,4,0,4,4
2052,3,3,3,3,3,3,0,4,4
2053,3,3,3,3,3,3,0,3,3
2054,3,3,3,3,3,3,0,3,3
2055,4,4,4,4,4,4,0,4,4
2056,3,3,3,3,3,3,0,3,3
2057,3,3,3,3,3,3,0,3,3
2058,3,3,3,3,3,3,0,3,3
2059,4,4,3,4,4,4,0,4,4
2060,5,5,5,4,5,5,0,5,1
2061,3,3,3,3,3,3,0,3,3
2062,4,4,5,4,4,4,0,4,5
2063,5,5,5,5,5,5,0,5,2
2064,4,4,3,4,4,4,0,3,1
2065,3,3,3,3,3,3,0,3,3
2066,1,1,3,3,1,1,0,3,1
2067,3,3,3,3,3,3,0,3,3
2068,3,3,3,3,3,3,0,3,3
2069,4,4,4,4,4,4,0,4,4
2070,4,4,4,4,4,4,0,4,5
2072,3,3,3,3,3,3,0,3,3
2073,4,4,4,4,4,4,0,4,4
2074,5,5,5,4,5,5,0,5,1
2075,3,3,3,3,3,3,0,3,3
2076,1,1,3,3,1,1,0,3,1
2077,3,3,3,3,3,3,0,3,3
2078,3,3,3,3,3,3,0,3,3
2079,3,3,3,3,3,3,0,3,3
2080,3,3,3,3,3,3,0,3,3
2081,3,3,3,3,3,3,0,3,3
2082,3,3,3,3,3,3,0,3,3
2085,3,3,3,3,3,3,0,3,3
2087,3,3,3,3,3,3,0,3,3
2088,3,3,3,3,3,3,0,3,3
2089,3,3,3,3,3,3,0,3,3
2090,3,3,3,3,3,3,0,3,3
2091,3,3,3,3,3,3,0,3,3
2093,3,3,3,3,3,3,0,3,3
2094,3,3,3,3,3,3,0,3,3
2095,3,3,3,3,3,3,0,3,3
2096,3,3,3,3,3,3,0,3,3
2098,3,3,3,3,3,3,0,3,3
2100,1,1,4,3,1,3,0,3,1
2101,5,5,5,5,5,5,0,1,2
2105,4,4,5,4,4,4,0,4,5
2108,5,5,5,4,5,5,0,5,1
2109,4,4,4,4,4,4,0,4,5
2110,3,3,3,3,3,3,0,3,3
2111,4,4,5,4,4,4,0,4,4
2112,3,3,3,3,3,3,0,3,3
2113,1,1,3,4,1,3,0,3,1
2114,3,3,3,3,3,3,0,3,3
2116,3,3,3,3,3,3,0,3,3
2117,1,1,3,3,1,1,0,3,1
2118,3,3,3,3,3,3,0,3,3
2119,5,5,2,5,5,5,0,5,2
2120,4,4,5,4,4,4,0,3,1
2121,4,4,3,4,4,3,0,3,4
2122,4,4,3,4,4,4,0,4,4
2124,5,5,5,4,5,5,0,5,5
2125,3,3,3,3,3,3,0,3,3
2126,4,4,3,4,4,4,0,3,1
2127,3,3,3,3,3,3,0,3,3
2128,3,3,3,3,3,3,0,3,3
2129,3,3,3,3,3,3,0,3,3
2130,1,1,1,3,1,1,0,5,1
2131,4,4,4,4,4,4,0,4,5
2132,3,1,3,3,3,3,0,3,3
2133,3,3,3,3,3,3,0,3,3
2134,4,4,4,4,4,4,0,4,4
2136,1,1,1,3,1,1,0,5,1
2137,3,3,3,3,3,3,0,3,3
2138,3,3,3,3,3,3,0,3,3
2139,3,3,3,3,3,3,0,3,3
2140,3,3,3,3,3,3,0,3,3
2142,3,3,3,3,3,3,0,3,3
2143,3,3,3,3,3,3,0,3,3
2144,2,2,5,5,2,2,0,2,2
2145,4,4,4,4,4,4,0,4,4
2146,0,0,0,4,0,0,0,0,5
2148,4,4,4,4,4,4,0,4,5
2149,4,4,4,4,4,4,0,4,1
2150,3,1,3,3,3,3,0,3,3
2151,4,4,1,4,4,4,0,5,5
2152,3,3,3,3,3,3,0,3,3
2153,4,4,4,4,4,4,0,4,4
2154,3,3,3,4,3,3,0,4,4
2155,4,4,4,4,4,4,0,4,1
2156,3,3,3,3,3,3,0,3,3
2157,3,3,3,3,3,3,0,4,4
2158,4,4,4,4,4,4,0,4,5
2159,3,3,3,3,3,3,0,3,3
2160,3,3,3,3,3,3,0,3,3
2161,2,2,5,5,2,2,0,2,2
2162,3,3,3,3,3,3,0,3,3
2163,4,4,4,4,4,4,0,4,4
2164,5,5,5,5,5,5,0,1,2
2165,5,5,5,4,5,5,0,0,5
2167,5,5,5,4,5,5,0,0,1
2168,5,5,5,4,5,5,0,5,1
2169,5,5,5,5,5,5,0,1,2
2171,4,4,3,4,4,4,0,3,1
2172,3,3,3,3,3,3,0,3,3
2173,4,4,4,4,4,4,0,4,4
2174,4,4,4,4,4,4,0,4,4
2175,3,3,3,3,3,3,0,3,3
2176,4,4,4,4,4,4,0,4,4
2177,5,5,5,4,5,5,0,5,1
2178,3,3,3,3,3,3,0,4,4
2179,4,4,4,4,4,4,0,4,4
2180,4,4,4,4,4,4,0,4,4
2181,3,3,3,3,3,3,0,3,3
2182,3,3,3,3,3,3,0,3,3
2183,4,4,4,4,4,4,0,4,1
2184,3,3,3,4,3,3,0,3,4
2185,3,3,3,3,3,3,0,3,3
2186,4,4,5,4,4,4,0,0,5
2187,4,1,4,4,4,4,0,4,1
2188,5,5,5,4,5,5,0,0,5
2189,4,4,5,4,4,4,0,4,5
2190,2,2,5,5,2,2,0,2,2
2191,1,1,4,4,1,1,0,0,1
2192,5,5,5,5,5,5,0,5,1
2193,5,5,5,5,5,5,0,0,2
2194,1,1,4,4,1,1,0,0,1
2195,1,1,3,3,1,1,0,5,1
2196,3,3,3,3,3,3,0,3,3
2197,3,3,3,3,3,3,0,3,3
2198,1,1,3,3,1,1,0,3,3
2199,1,1,4,4,1,1,0,3,1
2200,1,1,3,3,1,1,0,5,1
2201,1,1,4,3,1,1,0,3,1
2202,1,1,4,4,1,1,0,3,1
2203,1,1,4,4,1,1,0,5,1
2204,1,1,3,4,1,1,0,3,1
2205,1,1,3,3,1,1,0,3,1
2206,1,1,3,3,1,1,0,3,1
2207,3,3,3,3,3,3,0,3,3
2208,1,1,4,4,1,1,0,5,1
2210,2,2,5,5,2,2,0,1,2
2211,4,4,5,4,4,4,0,4,5
2212,1,1,4,4,1,1,0,3,1
2213,3,3,3,3,3,3,0,3,3
2215,1,1,4,4,1,1,0,5,1
2216,2,2,5,0,2,2,0,0,2
2217,5,2,5,0,5,5,0,0,2
2218,0,0,0,0,0,0,0,0,5
2219,0,0,0,0,0,0,0,0,5
2220,2,2,5,0,2,2,0,0,2
2221,2,2,5,0,2,2,0,0,2
2222,5,5,5,0,5,5,0,0,5
2223,0,0,0,0,0,0,0,0,5
2224,5,5,5,0,5,5,0,5,5
2225,0,0,0,0,0,0,0,0,5
2226,2,2,5,0,2,2,0,0,2
2227,5,5,5,0,5,5,0,0,2
2228,5,5,5,5,5,5,0,5,2
2229,0,0,0,0,0,0,0,0,5
2230,0,0,4,4,0,0,0,4,5
2231,5,5,5,4,5,5,0,5,5
2232,0,0,0,0,0,0,0,0,5
2233,0,0,0,0,0,0,0,0,5
2234,4,4,5,4,4,4,0,4,5
2235,5,5,5,5,5,5,0,5,5
2236,0,0,0,0,0,0,0,0,5
2237,5,5,1,0,5,5,0,5,2
2238,2,2,0,0,2,2,0,0,2
2241,0,0,0,0,0,0,0,0,5
2242,2,2,5,0,2,2,0,0,2
2243,5,2,5,0,5,5,0,0,2
2244,0,0,0,0,0,0,0,0,0
2245,0,0,0,0,0,0,0,0,5
2248,0,0,0,0,0,0,0,0,5
2249,0,0,1,0,0,0,0,0,0
2250,0,0,0,0,0,0,0,0,0
2251,5,5,5,5,5,5,0,2,2
2252,5,5,5,4,5,5,0,2,1
2253,4,4,4,4,4,4,0,4,4
2254,3,3,3,3,3,3,0,3,3
2255,3,3,3,3,3,3,0,3,3
2256,3,3,3,3,3,3,0,3,3
2257,3,3,3,3,3,3,0,3,3
2258,3,3,3,3,3,3,0,3,3
2259,3,3,3,3,3,3,0,3,3
2260,3,3,3,3,3,3,0,3,3
2262,3,3,3,3,3,3,0,3,3
2264,3,3,3,3,3,3,0,3,3
2265,3,3,3,3,3,3,0,3,3
2266,3,3,3,3,3,3,0,3,3
2267,3,3,4,3,3,3,0,4,4
2268,3,3,3,3,3,3,0,3,3
2269,3,3,4,3,3,3,0,4,4
2270,3,3,3,3,3,3,0,3,3
2271,3,3,3,3,3,3,0,3,3
2272,4,4,4,4,4,4,0,3,4
2274,4,4,4,4,4,4,0,3,1
2275,2,2,5,5,2,2,0,2,2
2276,4,4,4,4,4,4,0,4,4
2278,4,4,4,4,4,4,0,4,5
2279,5,5,5,5,5,5,0,0,2
2280,5,5,5,4,5,5,0,2,1
2281,5,5,5,5,5,5,0,2,2
2282,5,5,5,5,5,5,0,2,2
2286,5,5,5,4,5,5,0,2,1
2287,4,4,5,4,4,4,0,3,1
2288,5,5,5,4,5,5,0,2,2
2289,5,5,5,4,5,5,0,2,1
2292,4,4,4,4,4,4,0,4,4
2293,4,4,4,4,4,4,0,4,4
2294,4,4,3,4,4,4,0,4,4
2295,1,1,4,4,1,1,0,3,1
2296,4,4,4,4,4,4,0,4,4
2297,4,4,4,4,4,4,0,4,4
2298,4,4,4,4,4,4,0,4,4
2299,4,4,4,4,4,4,0,4,4
2300,4,4,4,4,4,4,0,4,4
2301,1,1,5,4,1,1,0,3,1
2302,4,4,4,4,4,4,0,4,4
2303,4,4,4,4,4,4,0,4,4
2304,4,4,4,4,4,4,0,4,4
2305,1,1,4,3,1,1,0,3,1
2307,4,4,4,4,4,4,0,4,4
2308,3,3,3,3,3,3,0,4,4
2309,4,4,4,4,4,4,0,4,4
2310,4,4,4,4,4,4,0,4,4
2311,5,5,5,4,5,5,0,2,1
2312,5,5,5,5,5,5,0,5,2
2314,4,4,4,4,4,4,0,4,4
2315,4,4,4,4,4,4,0,4,4
2316,4,4,4,4,4,4,0,4,4
2317,1,1,3,4,1,1,0,3,4
2318,5,5,5,5,5,5,0,2,2
2320,5,5,5,4,5,5,0,2,2
2321,4,4,4,4,4,4,0,4,4
2322,4,1,4,4,4,3,0,3,1
2323,3,3,3,3,3,3,0,3,3
2324,4,4,4,4,4,4,0,4,4
2325,4,4,4,4,4,4,0,4,4
2326,4,4,4,4,4,4,0,4,4
2327,4,4,4,4,4,4,0,4,4
2328,4,4,1,4,4,4,0,4,4
2329,4,4,4,4,4,4,0,4,4
2330,4,4,4,4,4,4,0,4,4
2332,4,4,4,4,4,4,0,4,4
2333,5,5,5,4,5,5,0,5,1
2334,5,5,5,4,5,5,0,4,5
2335,4,4,5,4,4,4,0,0,5
2336,5,5,5,4,5,5,0,0,5
2337,5,5,5,5,5,5,0,1,2
2338,0,0,0,0,0,0,1,0,2
2339,0,0,1,0,0,0,1,0,5
2340,5,5,4,4,5,5,1,5,5
2341,0,0,0,0,0,0,1,0,5
2342,1,1,1,4,1,1,1,3,4
2343,5,5,0,4,5,0,1,0,5
2344,2,2,0,0,2,2,4,0,0
2345,0,0,0,0,0,0,4,0,0
2348,0,0,0,0,0,0,4,0,0
2349,0,0,0,0,0,0,4,0,0
2351,2,2,2,2,2,2,0,2,2
2352,2,2,2,1,2,2,0,2,2
2353,2,2,2,1,2,2,0,2,2
2354,2,2,2,2,2,2,0,2,2
2355,2,2,2,1,2,2,0,2,2
2356,2,2,2,2,2,2,0,2,2
2357,2,2,2,1,2,2,0,2,2
2358,2,2,2,1,2,2,0,2,2
2359,2,2,2,2,2,2,0,2,2
2360,2,2,2,2,2,2,0,2,2
2361,2,2,2,1,2,2,0,2,2
2362,2,2,2,5,2,2,0,1,2
2363,2,2,2,2,2,2,0,1,2
2364,2,2,2,2,2,2,0,2,2
2365,2,2,2,2,2,2,0,2,2
2366,2,2,2,2,2,2,0,2,2
2367,2,2,2,2,2,2,0,1,2
2368,2,2,2,2,2,2,0,2,2
2369,2,2,2,2,2,2,0,2,2
2370,2,2,2,2,2,2,0,1,2
2371,2,2,5,5,2,2,0,1,2
2372,2,2,2,2,2,2,0,2,2
2373,2,2,2,2,2,2,0,2,2
2374,2,2,2,2,2,2,0,2,2
2375,2,2,2,2,2,2,0,2,2
2376,2,2,2,2,2,2,0,1,2
2377,2,2,2,2,2,2,0,2,2
2378,2,2,2,2,2,2,0,2,2
2379,2,2,2,2,2,2,0,2,2
2380,2,2,2,2,2,2,0,1,2
2381,2,2,2,2,2,2,0,2,2
2382,2,2,2,2,2,2,0,1,2
2383,2,2,2,2,2,2,0,1,2
2384,2,2,2,2,2,2,0,1,2
2385,2,2,2,2,2,2,0,2,2
2386,2,2,2,2,2,2,0,1,2
2387,2,2,2,2,2,2,0,2,2
2388,2,2,2,2,2,2,0,2,2
2389,2,2,2,2,2,2,0,2,2
2390,2,2,2,2,2,2,0,2,2
2391,2,2,2,5,2,2,0,1,2
2392,2,2,2,5,2,2,0,1,2
2393,5,5,2,5,5,5,0,1,2
2395,5,5,5,5,5,5,0,5,2
2398,2,2,2,2,2,2,0,1,2
2399,2,2,2,2,2,2,0,2,2
2400,2,2,2,2,2,2,0,2,2
2401,2,2,2,2,2,2,0,2,2
2402,2,2,2,2,2,2,0,1,2
2403,5,2,2,5,5,5,0,1,2
2404,2,2,2,2,2,2,0,2,2
2405,2,2,2,2,2,2,0,2,2
2406,2,2,2,2,2,2,0,1,2
2407,2,2,2,2,2,2,0,1,2
2408,2,2,2,5,2,2,0,1,2
2409,2,2,2,5,2,2,0,1,2
2410,5,5,2,5,5,5,0,1,2
2411,2,2,2,5,2,2,0,1,2
2412,2,2,2,2,2,2,0,1,2
2416,2,2,5,5,2,2,0,1,2
2422,5,2,2,5,5,5,0,1,2
2423,2,2,2,1,2,2,0,2,2
2424,2,2,2,2,2,2,0,2,2
2425,2,2,2,2,2,2,0,2,2
2426,2,2,2,2,2,2,0,2,2
2427,2,2,2,2,2,2,0,2,2
2428,2,2,2,2,2,2,0,2,2
2429,2,2,2,2,2,2,0,2,2
2430,2,2,2,2,2,2,0,1,2
2431,2,2,2,2,2,2,0,1,2
2432,2,2,2,5,2,2,0,1,2
2433,2,2,2,2,2,2,0,1,2
2434,2,2,2,2,2,2,0,2,2
2435,2,2,2,2,2,2,0,1,2
2436,2,2,2,2,2,2,0,2,2
2437,2,2,2,5,2,2,0,1,2
2439,2,2,2,1,2,2,0,2,2
2440,2,2,2,1,2,2,0,2,2
2441,2,2,2,1,2,2,0,2,2
2442,2,2,2,1,2,2,0,2,2
2443,2,2,2,1,2,2,0,2,2
2444,2,2,2,1,2,2,0,2,2
2445,2,2,2,5,2,2,0,1,2
2446,2,2,2,5,2,2,0,1,2
2447,2,2,2,2,2,2,0,1,2
2449,2,2,2,5,2,2,0,1,2
2450,2,2,2,2,2,2,0,2,2
2451,2,2,2,2,2,2,0,2,2
2452,2,2,2,2,2,2,0,2,2
2453,2,2,2,2,2,2,0,2,2
2454,2,2,2,2,2,2,0,2,2
2455,2,2,2,2,2,2,0,2,2
2456,2,2,2,1,2,2,0,2,2
2457,2,2,2,1,2,2,0,2,2
2458,2,2,2,1,2,2,0,2,2
2459,2,2,2,1,2,2,0,2,2
2460,2,2,2,1,2,2,0,2,2
2461,2,2,2,1,2,2,0,2,2
2462,2,2,2,2,2,2,0,1,2
2463,2,2,2,2,2,2,0,1,2
2464,2,2,2,2,2,2,0,1,2
2465,2,2,5,5,2,2,0,1,2
2466,2,2,2,2,2,2,0,1,2
2467,2,2,2,2,2,2,0,1,2
2468,2,2,2,2,2,2,0,2,2
2469,2,2,2,2,2,2,0,1,2
2470,2,2,2,2,2,2,0,1,2
2471,2,2,2,2,2,2,0,1,2
2472,2,2,2,5,2,2,0,1,2
2473,2,2,2,2,2,2,0,1,2
2474,2,2,2,2,2,2,0,1,2
2475,2,2,2,2,2,2,0,2,2
2476,2,2,2,1,2,2,0,2,2
2477,2,2,2,2,2,2,0,2,2
2478,2,2,2,5,2,2,0,1,2
2479,2,2,2,1,2,2,0,2,2
2480,2,2,2,1,2,2,0,2,2
2481,2,2,2,2,2,2,0,2,2
2482,2,2,2,2,2,2,0,1,2
2483,2,2,2,2,2,2,0,1,2
2484,2,2,2,2,2,2,0,1,2
2485,2,2,2,1,2,2,0,2,2
2486,2,2,2,1,2,2,0,2,2
2487,2,2,2,2,2,2,0,1,2
2488,2,2,2,1,2,2,0,2,2
2489,2,2,2,1,2,2,0,2,2
2490,2,2,2,2,2,2,0,2,2
2491,2,2,2,5,2,2,0,1,2
2492,2,2,5,5,2,2,0,1,2
2493,2,2,2,5,2,2,0,1,2
2494,2,2,2,1,2,2,0,2,2
2495,2,2,2,1,2,2,0,2,2
2496,2,2,2,2,2,2,0,1,2
2497,2,2,2,1,2,2,0,2,2
2498,2,2,2,5,2,2,0,1,2
2499,2,2,2,2,2,2,0,1,2
2500,2,2,2,5,2,2,0,1,2
2501,2,2,2,5,2,2,0,1,2
2502,2,2,2,2,2,2,0,1,2
2503,2,2,2,1,2,2,0,2,2
2504,2,2,2,5,2,2,0,1,2
2505,2,2,2,2,2,2,0,2,2
2506,2,2,2,1,2,2,0,2,2
2507,2,2,2,2,2,2,0,2,2
2508,2,2,2,2,2,2,0,2,2
2509,2,2,2,1,2,2,0,2,2
2510,2,2,2,2,2,2,0,2,2
2511,2,2,2,5,2,2,0,1,2
2512,2,2,2,2,2,2,0,2,2
2513,2,2,2,5,2,2,0,1,2
2514,2,2,2,2,2,2,0,2,2
2515,2,2,2,2,2,2,0,1,2
2516,2,2,2,2,2,2,0,1,2
2517,2,2,2,2,2,2,0,2,2
2518,2,2,2,2,2,2,0,2,2
2519,2,2,2,1,2,2,0,2,2
2520,2,2,2,2,2,2,0,1,2
2521,2,2,2,2,2,2,0,1,2
2522,2,2,2,1,2,2,0,2,2
2523,2,2,2,2,2,2,0,1,2
2524,2,2,2,5,2,2,0,1,2
2525,2,2,2,2,2,2,0,1,2
2526,2,2,2,5,2,2,0,1,2
2527,2,2,2,1,2,2,0,2,2
2528,2,2,2,2,2,2,0,1,2
2529,2,2,2,2,2,2,0,2,2
2530,2,2,2,2,2,2,0,1,2
2531,2,2,2,2,2,2,0,2,2
2532,2,2,2,1,2,2,0,2,2
2533,2,2,2,1,2,2,0,2,2
2534,2,2,2,2,2,2,0,1,2
2535,2,2,2,1,2,2,0,2,2
2536,2,2,2,1,2,2,0,2,2
2537,2,2,2,1,2,2,0,2,2
2538,2,2,2,2,2,2,0,1,2
2539,2,2,2,1,2,2,0,2,2
2540,2,2,2,1,2,2,0,2,2
2541,2,2,2,1,2,2,0,2,2
2542,2,2,2,1,2,2,0,2,2
2543,2,2,2,1,2,2,0,2,2
2544,2,2,2,1,2,2,0,2,2
2545,2,2,2,1,2,2,0,2,2
2546,2,2,2,2,2,2,0,1,2
2547,5,5,2,5,5,5,0,5,2
2548,2,2,2,2,2,2,0,1,2
2549,2,2,2,2,2,2,0,2,2
2550,2,2,2,5,2,2,0,1,2
2551,2,2,2,2,2,2,0,1,2
2552,2,2,2,5,2,2,0,1,2
2553,2,2,2,5,2,2,0,1,2
2554,2,2,2,5,2,2,0,1,2
2555,2,2,2,2,2,2,0,1,2
2556,2,2,2,2,2,2,0,1,2
2557,2,2,2,2,2,2,0,2,2
2558,2,2,2,1,2,2,0,2,2
2559,2,2,2,1,2,2,0,2,2
2560,2,2,2,2,2,2,0,2,2
2561,2,2,2,2,2,2,0,2,2
2562,2,2,2,2,2,2,0,1,2
2563,2,2,2,1,2,2,0,2,2
2564,2,2,2,1,2,2,0,2,2
2565,2,2,2,2,2,2,0,1,2
2566,2,2,2,2,2,2,0,2,2
2567,2,2,2,1,2,2,0,2,2
2568,2,2,2,2,2,2,0,1,2
2569,2,2,2,2,2,2,0,1,2
2570,2,2,2,5,2,2,0,1,2
2571,5,2,5,5,5,5,0,5,2
2572,2,2,2,5,2,2,0,1,2
2573,2,2,2,1,2,2,0,2,2
2574,2,2,2,2,2,2,0,2,2
2575,2,2,2,2,2,2,0,1,2
2576,2,2,2,2,2,2,0,1,2
2577,2,2,2,2,2,2,0,2,2
2578,2,2,2,2,2,2,0,2,2
2579,2,2,2,2,2,2,0,2,2
2580,2,2,2,2,2,2,0,1,2
2581,2,2,2,2,2,2,0,1,2
2582,2,2,2,5,2,2,0,1,2
2583,2,2,2,2,2,2,0,2,2
2584,2,2,2,2,2,2,0,1,2
2585,2,2,2,2,2,2,0,1,2
2586,2,2,5,5,2,2,0,1,2
2587,2,2,2,5,2,2,0,1,2
2588,2,2,2,5,2,5,0,1,2
2589,2,2,2,2,2,2,0,1,2
2590,2,2,2,5,2,2,0,1,2
2591,5,5,5,5,5,5,0,5,2
2592,2,2,2,5,2,2,0,1,2
2593,4,4,5,4,4,4,0,0,5
2595,5,5,5,5,5,5,0,5,2
2596,5,5,5,5,5,5,0,5,2
2597,5,5,2,5,5,5,0,1,2
2598,5,5,5,4,5,5,0,5,1
2599,2,2,2,2,2,2,0,1,2
2600,2,2,5,5,2,2,0,1,2
2601,5,5,0,5,5,5,0,5,2
2602,2,2,2,5,2,2,0,1,2
2604,2,2,2,5,2,2,0,1,2
2605,2,2,2,2,2,2,0,1,2
2606,2,2,2,5,2,5,0,5,2
2607,5,5,5,5,5,5,0,5,2
2618,3,3,3,3,3,3,0,3,3
2619,5,5,5,4,5,5,0,5,1
2620,5,5,5,5,5,5,0,5,2
2621,5,5,5,5,5,5,0,5,2
2644,5,5,2,5,5,5,0,1,2
2646,2,2,5,5,2,2,0,1,2
2647,5,5,5,5,5,5,0,5,1
2648,5,5,2,5,5,5,0,5,2
2649,2,2,2,5,2,5,0,1,2
2651,2,2,2,5,2,2,0,1,2
2652,5,5,5,5,5,5,0,5,2
2710,5,5,5,4,5,5,0,5,1
2808,5,5,5,5,5,5,0,1,2
2809,5,5,5,5,5,5,0,2,1
2813,5,5,5,4,5,5,0,0,5
2814,2,2,2,5,2,2,0,1,2
2872,0,0,0,0,0,0,0,0,5
2876,5,5,0,5,5,5,2,5,2
2879,5,2,5,0,5,5,0,0,5
2880,0,0,0,0,0,0,0,0,5
2881,5,5,0,5,5,5,2,5,2
2882,5,5,5,0,5,5,0,0,5
2883,5,5,5,4,5,5,0,5,1
2884,5,5,5,4,5,5,0,5,1
2885,5,5,4,5,5,5,0,5,1
2886,4,4,4,4,4,4,0,0,5
2887,5,5,5,5,5,5,0,5,2
3005,5,5,5,5,5,5,0,5,1
3007,5,5,5,4,5,5,0,5,1
3009,5,5,5,5,5,5,0,5,2
3011,5,5,5,5,5,5,0,2,2
3012,4,4,4,4,4,4,0,4,4
3013,5,5,2,5,5,5,0,5,2
